id,address,longitude,latitude,albers_x,albers_y,DISSEMINATION_BLOCK_ID
1,"1 ALEXANDER ST, VANCOUVER, BC",-123.1039785,49.28368576,1210833,478461,59153578002
2,"1 ATHLETES WAY, VANCOUVER, BC",-123.1057142,49.27178777,1210760,477135,59154174017
3,"1 E BROADWAY, VANCOUVER, BC",-123.1046463,49.26321599,1210877,476187,59153163003
4,"1 E CORDOVA ST, VANCOUVER, BC",-123.1037339,49.28257635,1210855,478339,59153580004
5,"1 E PENDER ST, VANCOUVER, BC",-123.1040792,49.28064952,1210839,478124,59153585015
6,"1 MAIN NORTH FOOT, VANCOUVER, BC",-123.0990836,49.28597036,1211178,478730,59153181035
7,"1 PEVERIL AV, VANCOUVER, BC",-123.1054917,49.24479743,1210899,474140,59153249006
8,"1 ROBSON ST, VANCOUVER, BC",-123.1115601,49.2765637,1210313,477648,59154000014
9,"1 W 7TH AV, VANCOUVER, BC",-123.105058,49.26493574,1210839,476377,59154173030
10,"10 E 11TH AV, VANCOUVER, BC",-123.1047495,49.26089022,1210880,475928,59153160001
11,"10 E 11TH AV, VANCOUVER, BC",-123.1045416,49.26094528,1210895,475935,59153160001
12,"10 E 26TH AV, VANCOUVER, BC",-123.1046874,49.24792705,1210943,474489,59150689003
13,"10 E PENDER ST, VANCOUVER, BC",-123.1032823,49.27975614,1210901,478027,59153585002
14,"10 W 14TH AV, VANCOUVER, BC",-123.1053444,49.25821063,1210849,475629,59153161001
15,"100 E CORDOVA ST, VANCOUVER, BC",-123.1019847,49.28207258,1210985,478288,59153581002
16,"100 E PENDER ST, VANCOUVER, BC",-123.1021194,49.28017477,1210984,478077,59153585003
17,"100 POWELL ST, VANCOUVER, BC",-123.1018354,49.28297483,1210992,478389,59153581001
18,"100 W 13TH AV, VANCOUVER, BC",-123.1072273,49.25914285,1210708,475727,59153156002
19,"100 W 15TH AV, VANCOUVER, BC",-123.1083818,49.25717273,1210632,475505,59150680007
20,"1000 IRONWORK PASSAGE, VANCOUVER, BC",-123.1285225,49.26762952,1209119,476606,59153689034
21,"1000 PARKER ST, VANCOUVER, BC",-123.0803477,49.27534642,1212590,477606,59150751023
22,"1000 ROBSON ST, VANCOUVER, BC",-123.1232789,49.2833335,1209430,478365,59153682002
23,"1001 E 20TH AV, VANCOUVER, BC",-123.0833448,49.25289185,1212475,475104,59154190005
24,"1001 E 7TH AV, VANCOUVER, BC",-123.0851851,49.26551264,1212283,476500,59150720001
25,"1001 E 7TH AV, VANCOUVER, BC",-123.083339,49.26471561,1212421,476417,59150720001
26,"1001 E PENDER ST, VANCOUVER, BC",-123.0822448,49.28032553,1212429,478153,59153189016
27,"1001 HOMER ST, VANCOUVER, BC",-123.1207909,49.27729855,1209638,477702,59154135001
28,"1001 HORNBY ST, VANCOUVER, BC",-123.1258849,49.28066505,1209252,478061,59153849002
29,"1001 HORNBY ST, VANCOUVER, BC",-123.125525,49.28041149,1209280,478034,59153849002
30,"1001 KINGSWAY, VANCOUVER, BC",-123.0834813,49.25412045,1212459,475240,59154191009
31,"1001 KINGSWAY, VANCOUVER, BC",-123.0832173,49.25400864,1212479,475229,59154191009
32,"1001 KINGSWAY, VANCOUVER, BC",-123.0833486,49.25405218,1212469,475233,59154191009
33,"1001 NICOLA ST, VANCOUVER, BC",-123.1347863,49.28648774,1208578,478681,59150846003
34,"1001 POWELL ST, VANCOUVER, BC",-123.0817841,49.28274611,1212452,478423,59153181036
35,"1001 RICHARDS ST, VANCOUVER, BC",-123.1216953,49.27794807,1209569,477772,59154134001
36,"1001 ROBSON ST, VANCOUVER, BC",-123.1229624,49.28363878,1209452,478400,59153483001
37,"1001 SEYMOUR ST, VANCOUVER, BC",-123.1226836,49.27855503,1209495,477836,59154134002
38,"1001 SEYMOUR ST, VANCOUVER, BC",-123.1225402,49.27865053,1209505,477847,59154134002
39,"1001 SEYMOUR ST, VANCOUVER, BC",-123.1224716,49.27869648,1209510,477853,59154134002
40,"1001 VENABLES ST, VANCOUVER, BC",-123.0822407,49.27706836,1212444,477792,59153188003
41,"1001 W BROADWAY, VANCOUVER, BC",-123.127285,49.2637054,1209227,476174,59153133004
42,"1001 W BROADWAY, VANCOUVER, BC",-123.1269127,49.26369907,1209254,476174,59153133004
43,"1001 W BROADWAY, VANCOUVER, BC",-123.1271332,49.26370107,1209238,476174,59153133004
44,"1001 W CORDOVA ST, VANCOUVER, BC",-123.1168627,49.2880285,1209875,478905,59153997002
45,"1002 E 12TH AV, VANCOUVER, BC",-123.0831605,49.25940685,1212458,475828,59150745005
46,"1002 E 14TH AV, VANCOUVER, BC",-123.0832235,49.25759878,1212462,475627,59150737004
47,"1002 E 20TH AV, VANCOUVER, BC",-123.0834061,49.25245366,1212472,475056,59154158001
48,"1002 SEYMOUR ST, VANCOUVER, BC",-123.1222797,49.27807516,1209526,477784,59154134001
49,"1002 W 10TH AV, VANCOUVER, BC",-123.1271273,49.26217547,1209245,476005,59153136002
50,"1003 BURNABY ST, VANCOUVER, BC",-123.1302991,49.27879047,1208940,477840,59150795003
51,"1003 DOUGLAS CRESCENT, VANCOUVER, BC",-123.1277519,49.25461245,1209234,475163,59150656002
52,"1003 E 10TH AV, VANCOUVER, BC",-123.0831391,49.26172579,1212449,476086,59150744001
53,"1003 E 11TH AV, VANCOUVER, BC",-123.08314,49.26076655,1212454,475979,59150744002
54,"1003 E 12TH AV, VANCOUVER, BC",-123.083181,49.25991766,1212455,475885,59150744003
55,"1003 E 14TH AV, VANCOUVER, BC",-123.0831855,49.25811655,1212462,475685,59150745004
56,"1003 E 38TH AV, VANCOUVER, BC",-123.0845703,49.23585973,1212463,473210,59150385001
57,"1003 E 39TH AV, VANCOUVER, BC",-123.0845699,49.23497399,1212468,473112,59150385002
58,"1003 E 41ST AV, VANCOUVER, BC",-123.084604,49.23309999,1212474,472903,59150387001
59,"1003 PACIFIC ST, VANCOUVER, BC",-123.1324174,49.27738916,1208792,477678,59150792005
60,"1003 W 33RD AV, VANCOUVER, BC",-123.1281165,49.24169362,1209266,473728,59150670006
61,"1003 WOLFE AV, VANCOUVER, BC",-123.1277577,49.2528269,1209241,474965,59150656003
62,"1004 DOUGLAS CRESCENT, VANCOUVER, BC",-123.1277647,49.25424993,1209235,475123,59150656003
63,"1004 E 10TH AV, VANCOUVER, BC",-123.0831138,49.26123466,1212453,476031,59150744002
64,"1004 E 11TH AV, VANCOUVER, BC",-123.0831503,49.26035907,1212455,475934,59150744003
65,"1004 E 33RD AV, VANCOUVER, BC",-123.0844132,49.24000345,1212456,473670,59150381003
66,"1004 E 37TH AV, VANCOUVER, BC",-123.0845324,49.2362614,1212464,473255,59150385001
67,"1004 W 11TH AV, VANCOUVER, BC",-123.1269624,49.26124869,1209261,475902,59153136003
68,"1004 W 11TH AV, VANCOUVER, BC",-123.1270591,49.26121018,1209255,475898,59153136003
69,"1004 W 33RD AV, VANCOUVER, BC",-123.1281511,49.24116063,1209265,473669,59150668001
70,"1004 W BROADWAY, VANCOUVER, BC",-123.126979,49.26310691,1209252,476109,59153136001
71,"1004 WOLFE AV, VANCOUVER, BC",-123.1278989,49.25245209,1209233,474923,59150657010
72,"1005 BEACH AV, VANCOUVER, BC",-123.1340591,49.27690931,1208674,477620,59153172001
73,"1005 BROUGHTON ST, VANCOUVER, BC",-123.1335625,49.28578261,1208671,478607,59150846005
74,"1005 E 15TH AV, VANCOUVER, BC",-123.0831847,49.25719187,1212467,475582,59150737004
75,"1005 E 17TH AV, VANCOUVER, BC",-123.0834186,49.25566918,1212457,475413,59154191003
76,"1005 E 21ST AV, VANCOUVER, BC",-123.0835436,49.2520589,1212464,475011,59154158001
77,"1005 E 22ND AV, VANCOUVER, BC",-123.0836018,49.25110538,1212464,474905,59154158003
78,"1005 E 40TH AV, VANCOUVER, BC",-123.0845905,49.23402651,1212470,473006,59150385003
79,"1005 E BROADWAY, VANCOUVER, BC",-123.0829787,49.26272211,1212456,476197,59150721002
80,"1005 E BROADWAY, VANCOUVER, BC",-123.0831168,49.26272381,1212446,476197,59150721002
81,"1005 E KING EDWARD AV, VANCOUVER, BC",-123.0836548,49.24876437,1212471,474645,59150373002
82,"1005 GRANVILLE ST, VANCOUVER, BC",-123.1236183,49.2792534,1209424,477911,59154134003
83,"1005 GRANVILLE ST, VANCOUVER, BC",-123.1236924,49.2792043,1209418,477905,59154134003
84,"1005 GRANVILLE ST, VANCOUVER, BC",-123.1234707,49.27935115,1209434,477922,59154134003
85,"1005 GRANVILLE ST, VANCOUVER, BC",-123.1235448,49.27930205,1209429,477917,59154134003
86,"1005 JERVIS ST, VANCOUVER, BC",-123.1324479,49.28496308,1208755,478519,59153676004
87,"1005 STATION ST, VANCOUVER, BC",-123.0994868,49.27567751,1211196,477586,59150751001
88,"1005 W 7TH AV, VANCOUVER, BC",-123.1269806,49.26539055,1209241,476362,59154192002
89,"1006 E 18TH AV, VANCOUVER, BC",-123.0832495,49.25434774,1212475,475266,59154191009
90,"1006 W 12TH AV, VANCOUVER, BC",-123.1269922,49.26029561,1209264,475796,59150646005
91,"1006 W 37TH AV, VANCOUVER, BC",-123.1284251,49.23691662,1209265,473197,59150669008
92,"1007 E 12TH AV, VANCOUVER, BC",-123.0830395,49.25991642,1212465,475885,59150744003
93,"1007 W 26TH AV, VANCOUVER, BC",-123.128019,49.2483038,1209243,474462,59150659018
94,"1008 CAMBIE ST, VANCOUVER, BC",-123.1177958,49.27506394,1209866,477463,59153472002
95,"1008 CONNAUGHT DRIVE, VANCOUVER, BC",-123.1282103,49.24334368,1209251,473911,59150670007
96,"1008 E 14TH AV, VANCOUVER, BC",-123.0830929,49.25759842,1212472,475628,59150737004
97,"1008 E 22ND AV, VANCOUVER, BC",-123.0836142,49.25068936,1212465,474859,59150373001
98,"1008 E 24TH AV, VANCOUVER, BC",-123.0835369,49.24893809,1212479,474665,59150373002
99,"1008 E 38TH AV, VANCOUVER, BC",-123.0845645,49.23535511,1212466,473154,59150385002
100,"1008 HOMER ST, VANCOUVER, BC",-123.1200552,49.27703809,1209693,477676,59153470004
101,"1008 ROBSON ST, VANCOUVER, BC",-123.1236012,49.28340421,1209406,478372,59153682002
102,"1008 W 32ND AV, VANCOUVER, BC",-123.1281041,49.24212901,1209264,473776,59150670006
103,"1009 E 10TH AV, VANCOUVER, BC",-123.0830119,49.26172625,1212459,476086,59150744001
104,"1009 E 11TH AV, VANCOUVER, BC",-123.0830019,49.26076486,1212464,475979,59150744002
105,"1009 E 14TH AV, VANCOUVER, BC",-123.0830534,49.25811549,1212472,475685,59150745004
106,"1009 E 21ST AV, VANCOUVER, BC",-123.0833381,49.2520559,1212479,475012,59154158001
107,"1009 E 22ND AV, VANCOUVER, BC",-123.0834706,49.25110413,1212474,474906,59154158003
108,"1009 E 40TH AV, VANCOUVER, BC",-123.0844456,49.23402257,1212481,473006,59150385003
109,"1009 HARWOOD ST, VANCOUVER, BC",-123.1313121,49.27806899,1208869,477757,59150793003
110,"1009 LAURIER AV, VANCOUVER, BC",-123.1278451,49.25106849,1209243,474769,59150659002
111,"1009 W 10TH AV, VANCOUVER, BC",-123.1268959,49.26269565,1209260,476063,59153136001
112,"1009 W 10TH AV, VANCOUVER, BC",-123.1271154,49.26270125,1209244,476063,59153136001
113,"1009 W 32ND AV, VANCOUVER, BC",-123.1282149,49.24253366,1209255,473821,59150670007
114,"101 E 24TH AV, VANCOUVER, BC",-123.1030672,49.24971268,1211053,474692,59150685004
115,"101 E 24TH AV, VANCOUVER, BC",-123.1031909,49.24971734,1211044,474693,59150685004
116,"101 E 7TH AV, VANCOUVER, BC",-123.1024462,49.2648754,1211030,476378,59153163006
117,"101 E HASTINGS ST, VANCOUVER, BC",-123.1020004,49.28168282,1210986,478245,59153581002
118,"101 E WATERFRONT ROAD, VANCOUVER, BC",-123.1019798,49.2851271,1210971,478627,59153578001
119,"101 SMITHE ST, VANCOUVER, BC",-123.1155867,49.27680416,1210019,477663,59154027003
120,"101 SMITHE ST, VANCOUVER, BC",-123.1155131,49.27685284,1210024,477669,59154027003
121,"101 SMITHE ST, VANCOUVER, BC",-123.1156599,49.2767557,1210014,477657,59154027003
122,"101 TALISMAN AV, VANCOUVER, BC",-123.1088107,49.24628031,1210651,474294,59153251010
123,"101 W 5TH AV, VANCOUVER, BC",-123.1069544,49.26689154,1210692,476588,59154173010
124,"101 W 5TH AV, VANCOUVER, BC",-123.1069575,49.26676741,1210693,476574,59154173010
125,"101 W 5TH AV, VANCOUVER, BC",-123.106958,49.26666486,1210693,476563,59154173010
126,"1010 BURNABY ST, VANCOUVER, BC",-123.1309161,49.27841919,1208896,477797,59150793003
127,"1010 CHILCO ST, VANCOUVER, BC",-123.1415647,49.29089037,1208065,479150,59150859003
128,"1010 E 11TH AV, VANCOUVER, BC",-123.0830424,49.2603605,1212463,475934,59150744003
129,"1010 E 17TH AV, VANCOUVER, BC",-123.0823906,49.2548545,1212535,475325,59154191007
130,"1010 E 21ST AV, VANCOUVER, BC",-123.0835443,49.25155315,1212466,474955,59154158003
131,"1010 E 22ND AV, VANCOUVER, BC",-123.0834774,49.25068765,1212475,474859,59150373001
132,"1010 E 40TH AV, VANCOUVER, BC",-123.0845771,49.23348636,1212474,472946,59150387001
133,"1010 EXPO BOULEVARD, VANCOUVER, BC",-123.1161253,49.27436932,1209991,477391,59153473006
134,"1010 GILFORD ST, VANCOUVER, BC",-123.1402987,49.29005189,1208161,479061,59150864001
135,"1010 HOWE ST, VANCOUVER, BC",-123.124186,49.2794889,1209381,477936,59154134003
136,"1010 NANTON AV, VANCOUVER, BC",-123.1280953,49.24613904,1209247,474221,59150670010
137,"1010 PACIFIC BOULEVARD, VANCOUVER, BC",-123.1155141,49.27348329,1210039,477294,59153474005
138,"1010 PACIFIC BOULEVARD, VANCOUVER, BC",-123.1155317,49.27357694,1210038,477305,59153474005
139,"1010 RAYMUR AV, VANCOUVER, BC",-123.0822671,49.27558792,1212449,477627,59153188005
140,"1010 RAYMUR AV, VANCOUVER, BC",-123.0822776,49.27531805,1212450,477597,59153188005
141,"1010 RAYMUR AV, VANCOUVER, BC",-123.0822863,49.27517907,1212450,477582,59153188005
142,"1010 RAYMUR AV, VANCOUVER, BC",-123.0822883,49.27511025,1212450,477574,59153188005
143,"1010 RAYMUR AV, VANCOUVER, BC",-123.0818168,49.27516951,1212484,477582,59153188005
144,"1010 RAYMUR AV, VANCOUVER, BC",-123.0818135,49.27523698,1212484,477590,59153188005
145,"1010 RAYMUR AV, VANCOUVER, BC",-123.0818089,49.27537461,1212484,477605,59153188005
146,"1010 RAYMUR AV, VANCOUVER, BC",-123.0818043,49.27551224,1212483,477620,59153188005
147,"1010 RAYMUR AV, VANCOUVER, BC",-123.0818017,49.2755797,1212483,477628,59153188005
148,"1010 RAYMUR AV, VANCOUVER, BC",-123.0817955,49.27564807,1212483,477635,59153188005
149,"1010 RAYMUR AV, VANCOUVER, BC",-123.0822595,49.27565808,1212450,477635,59153188005
150,"1010 RAYMUR AV, VANCOUVER, BC",-123.0822744,49.27545254,1212449,477612,59153188005
151,"1010 RAYMUR AV, VANCOUVER, BC",-123.0822823,49.27524608,1212450,477589,59153188005
152,"1010 RAYMUR AV, VANCOUVER, BC",-123.0818063,49.27544297,1212484,477613,59153188005
153,"1010 RAYMUR AV, VANCOUVER, BC",-123.0822711,49.2755218,1212449,477620,59153188005
154,"1010 RAYMUR AV, VANCOUVER, BC",-123.0822763,49.27538371,1212450,477605,59153188005
155,"1010 RAYMUR AV, VANCOUVER, BC",-123.081816,49.2750989,1212484,477574,59153188005
156,"1010 RAYMUR AV, VANCOUVER, BC",-123.0818129,49.27530669,1212484,477597,59153188005
157,"1010 RICHARDS ST, VANCOUVER, BC",-123.1211147,49.2775871,1209613,477733,59154135001
158,"1010 SMITHE ST, VANCOUVER, BC",-123.125593,49.28321457,1209262,478345,59153683001
159,"1010 W 33RD AV, VANCOUVER, BC",-123.1284348,49.24117065,1209245,473669,59150668001
160,"1010 W 38TH AV, VANCOUVER, BC",-123.1290112,49.23675381,1209223,473177,59150669008
161,"1010 W KING EDWARD AV, VANCOUVER, BC",-123.1279859,49.24891865,1209242,474530,59150659018
162,"1011 BEACH AV, VANCOUVER, BC",-123.1347266,49.27740519,1208624,477673,59153172001
163,"1011 E 16TH AV, VANCOUVER, BC",-123.0832343,49.25646582,1212466,475502,59150737003
164,"1011 E 38TH AV, VANCOUVER, BC",-123.0844364,49.23586118,1212473,473210,59150385001
165,"1011 E 39TH AV, VANCOUVER, BC",-123.084432,49.23497238,1212478,473112,59150385002
166,"1011 E 41ST AV, VANCOUVER, BC",-123.0844701,49.23309964,1212483,472904,59150387001
167,"1011 RICHELIEU AV, VANCOUVER, BC",-123.1276898,49.2561732,1209231,475337,59150656001
168,"1011 W 33RD AV, VANCOUVER, BC",-123.1283572,49.24169965,1209248,473728,59150670006
169,"1011 W 38TH AV, VANCOUVER, BC",-123.1291366,49.23698754,1209212,473202,59150669008
170,"1011 W CORDOVA ST, VANCOUVER, BC",-123.1168602,49.28805575,1209876,478908,59153997002
171,"1011 W KING EDWARD AV, VANCOUVER, BC",-123.128026,49.24955052,1209237,474600,59150659016
172,"1012 BALFOUR AV, VANCOUVER, BC",-123.1280402,49.25151094,1209227,474818,59150659002
173,"1012 BROUGHTON ST, VANCOUVER, BC",-123.1332843,49.28540324,1208693,478565,59153676004
174,"1012 E 12TH AV, VANCOUVER, BC",-123.083028,49.2594056,1212468,475829,59150745005
175,"1012 E 28TH AV, VANCOUVER, BC",-123.0837462,49.24519998,1212481,474249,59150375007
176,"1012 E 33RD AV, VANCOUVER, BC",-123.0842602,49.24000267,1212467,473671,59150381003
177,"1012 E 37TH AV, VANCOUVER, BC",-123.084413,49.23625969,1212473,473255,59150385001
178,"1012 E 38TH AV, VANCOUVER, BC",-123.0844211,49.23535252,1212477,473154,59150385002
179,"1012 E 40TH AV, VANCOUVER, BC",-123.0844502,49.23348555,1212483,472947,59150387001
180,"1012 MAIN ST, VANCOUVER, BC",-123.0995217,49.2754595,1211194,477561,59150751001
181,"1012 NELSON ST, VANCOUVER, BC",-123.1265336,49.28113964,1209203,478112,59153684001
182,"1012 NELSON ST, VANCOUVER, BC",-123.1269325,49.28139601,1209173,478139,59153684001
183,"1012 NELSON ST, VANCOUVER, BC",-123.1267335,49.2812676,1209188,478125,59153684001
184,"1012 RICHELIEU AV, VANCOUVER, BC",-123.1277137,49.2557207,1209232,475286,59150656002
185,"1014 CARDERO ST, VANCOUVER, BC",-123.1356395,49.2869617,1208514,478731,59150846003
186,"1014 E 10TH AV, VANCOUVER, BC",-123.0829855,49.26122902,1212463,476031,59150744002
187,"1014 E 22ND AV, VANCOUVER, BC",-123.0833407,49.2506846,1212485,474859,59150373001
188,"1014 HOMER ST, VANCOUVER, BC",-123.1203077,49.27682509,1209675,477651,59153470004
189,"1014 W 11TH AV, VANCOUVER, BC",-123.1271868,49.26125537,1209245,475902,59153136003
190,"1015 BURRARD ST, VANCOUVER, BC",-123.1273342,49.28102182,1209145,478096,59153684001
191,"1015 CLARK DRIVE, VANCOUVER, BC",-123.0779543,49.27540565,1212764,477620,59150751010
192,"1015 DENMAN ST, VANCOUVER, BC",-123.1391824,49.28933834,1208246,478985,59150864001
193,"1015 E 11TH AV, VANCOUVER, BC",-123.0828621,49.26082964,1212474,475987,59150744002
194,"1015 E 12TH AV, VANCOUVER, BC",-123.0829,49.25991652,1212475,475886,59150744003
195,"1015 E 14TH AV, VANCOUVER, BC",-123.0829277,49.25811446,1212481,475685,59150745004
196,"1015 E 15TH AV, VANCOUVER, BC",-123.0829791,49.25718914,1212482,475583,59150737004
197,"1015 E 22ND AV, VANCOUVER, BC",-123.0833216,49.25114876,1212484,474911,59154158003
198,"1015 E 41ST AV, VANCOUVER, BC",-123.0843279,49.23309974,1212494,472904,59150387001
199,"1015 E 8TH AV, VANCOUVER, BC",-123.0828201,49.26362129,1212464,476297,59150721001
200,"1015 E BROADWAY, VANCOUVER, BC",-123.082835,49.26271953,1212467,476197,59150721002
201,"1015 E GEORGIA ST, VANCOUVER, BC",-123.0821414,49.27851666,1212445,477953,59153189016
202,"1015 E KING EDWARD AV, VANCOUVER, BC",-123.0834412,49.24876317,1212487,474646,59150373002
203,"1015 E PENDER ST, VANCOUVER, BC",-123.0820524,49.28032476,1212443,478154,59153189016
204,"1015 IRONWORK PASSAGE, VANCOUVER, BC",-123.1283647,49.26868933,1209126,476724,59153689032
205,"1015 KINGSWAY, VANCOUVER, BC",-123.0830544,49.25392268,1212491,475220,59154191009
206,"1015 W 13TH AV, VANCOUVER, BC",-123.1271006,49.25981856,1209258,475743,59150646005
207,"1015 W 16TH AV, VANCOUVER, BC",-123.1280907,49.25725037,1209197,475455,59150645003
208,"1015 W 8TH AV, VANCOUVER, BC",-123.127046,49.26455886,1209240,476270,59154192004
209,"1016 E 11TH AV, VANCOUVER, BC",-123.0828651,49.26034163,1212476,475933,59150744003
210,"1016 E 14TH AV, VANCOUVER, BC",-123.0829329,49.25759516,1212483,475628,59150737004
211,"1016 E 16TH AV, VANCOUVER, BC",-123.0831689,49.25606706,1212473,475457,59154191003
212,"1016 E 18TH AV, VANCOUVER, BC",-123.083077,49.25428138,1212488,475259,59154191009
213,"1016 E 7TH AV, VANCOUVER, BC",-123.0827912,49.26401102,1212464,476340,59150721001
214,"1016 E 8TH AV, VANCOUVER, BC",-123.0828886,49.26310536,1212461,476240,59150721002
215,"1016 E PENDER ST, VANCOUVER, BC",-123.0819814,49.27980219,1212451,478096,59153189016
216,"1016 W 12TH AV, VANCOUVER, BC",-123.1271931,49.26029943,1209249,475796,59150646005
217,"1016 W 13TH AV, VANCOUVER, BC",-123.1272292,49.25937693,1209250,475694,59150646002
218,"1017 E 10TH AV, VANCOUVER, BC",-123.0828663,49.26172284,1212469,476086,59150744001
219,"1017 E 13TH AV, VANCOUVER, BC",-123.0828895,49.25901833,1212480,475786,59150745005
220,"1017 E 33RD AV, VANCOUVER, BC",-123.0838001,49.24047913,1212498,473725,59150419004
221,"1017 E GEORGIA ST, VANCOUVER, BC",-123.0819448,49.2785123,1212459,477953,59153189016
222,"1017 KEEFER ST, VANCOUVER, BC",-123.0818596,49.27940727,1212462,478053,59153189016
223,"1017 W 7TH AV, VANCOUVER, BC",-123.1271788,49.26539753,1209227,476362,59154192002
224,"1018 E 31ST AV, VANCOUVER, BC",-123.083825,49.2422802,1212488,473925,59150419004
225,"1018 E 39TH AV, VANCOUVER, BC",-123.0844154,49.23442647,1212481,473051,59150385003
226,"1018 GRANVILLE ST, VANCOUVER, BC",-123.1230006,49.27886368,1209470,477870,59154134002
227,"1018 GRANVILLE ST, VANCOUVER, BC",-123.1230761,49.27881321,1209465,477864,59154134002
228,"1018 W 16TH AV, VANCOUVER, BC",-123.1276645,49.25674815,1209231,475401,59150656001
229,"1019 BROUGHTON ST, VANCOUVER, BC",-123.1337018,49.28566415,1208661,478593,59150846005
230,"1019 BUTE ST, VANCOUVER, BC",-123.1306566,49.28381511,1208891,478397,59153674002
231,"1019 E 38TH AV, VANCOUVER, BC",-123.0842612,49.23586041,1212486,473211,59150385001
232,"1019 E 39TH AV, VANCOUVER, BC",-123.0842942,49.23497077,1212488,473112,59150385002
233,"1019 E 40TH AV, VANCOUVER, BC",-123.0843007,49.23402178,1212492,473007,59150385003
234,"1019 GILFORD ST, VANCOUVER, BC",-123.1409724,49.29030025,1208111,479086,59150859003
235,"1019 NANTON AV, VANCOUVER, BC",-123.1280709,49.24647548,1209247,474259,59150659009
236,"1019 SEYMOUR ST, VANCOUVER, BC",-123.1227783,49.27848072,1209488,477828,59154134002
237,"1019 W 8TH AV, VANCOUVER, BC",-123.1272963,49.26456392,1209222,476269,59154192004
238,"102 MAIN ST, VANCOUVER, BC",-123.0990982,49.28382812,1211187,478492,59150762002
239,"102 W 17TH AV, VANCOUVER, BC",-123.1074203,49.25542005,1210710,475313,59150682001
240,"102 W 18TH AV, VANCOUVER, BC",-123.107458,49.25444811,1210712,475205,59150682002
241,"102 W 19TH AV, VANCOUVER, BC",-123.1075068,49.25352743,1210713,475103,59150683001
242,"102 W 20TH AV, VANCOUVER, BC",-123.1075438,49.25252894,1210715,474992,59150683002
243,"102 W 21ST AV, VANCOUVER, BC",-123.1075886,49.25164828,1210715,474894,59153252001
244,"102 W 22ND AV, VANCOUVER, BC",-123.1076201,49.25070828,1210717,474789,59153252002
245,"102 W 23RD AV, VANCOUVER, BC",-123.10765,49.24967125,1210720,474674,59153252003
246,"102 W 40TH AV, VANCOUVER, BC",-123.1083249,49.23442242,1210740,472979,59150540002
247,"102 W BROADWAY, VANCOUVER, BC",-123.1071095,49.26276171,1210700,476129,59153158002
248,"102 WATER ST, VANCOUVER, BC",-123.1067679,49.28364354,1210630,478448,59153578003
249,"1020 CHILCO ST, VANCOUVER, BC",-123.1420495,49.29069804,1208031,479127,59150859003
250,"1020 E 10TH AV, VANCOUVER, BC",-123.0828757,49.26120607,1212471,476029,59150744002
251,"1020 E 12TH AV, VANCOUVER, BC",-123.0828892,49.2594048,1212478,475829,59150745005
252,"1020 E 14TH AV, VANCOUVER, BC",-123.0828428,49.25759771,1212490,475628,59150737004
253,"1020 E 33RD AV, VANCOUVER, BC",-123.0841221,49.24000187,1212477,473671,59150381003
254,"1020 E 37TH AV, VANCOUVER, BC",-123.0842736,49.23625934,1212483,473255,59150385001
255,"1020 E 38TH AV, VANCOUVER, BC",-123.0842947,49.23534946,1212486,473154,59150385002
256,"1020 E 39TH AV, VANCOUVER, BC",-123.0842766,49.23442567,1212491,473052,59150385003
257,"1020 E 40TH AV, VANCOUVER, BC",-123.0843046,49.23348206,1212494,472947,59150387001
258,"1020 E CORDOVA ST, VANCOUVER, BC",-123.0822,49.28170325,1212426,478306,59153181013
259,"1020 E CORDOVA ST, VANCOUVER, BC",-123.0818858,49.28169745,1212449,478307,59153181013
260,"1020 E CORDOVA ST, VANCOUVER, BC",-123.0820953,49.28170132,1212434,478307,59153181013
261,"1020 E CORDOVA ST, VANCOUVER, BC",-123.0819905,49.2816994,1212441,478307,59153181013
262,"1020 E CORDOVA ST, VANCOUVER, BC",-123.0817813,49.28169552,1212457,478307,59153181013
263,"1020 E HASTINGS ST, VANCOUVER, BC",-123.0820599,49.28070705,1212441,478196,59153189016
264,"1020 E KING EDWARD AV, VANCOUVER, BC",-123.0835421,49.24841183,1212481,474606,59153816003
265,"1020 E PENDER ST, VANCOUVER, BC",-123.0818672,49.27980048,1212459,478096,59153189016
266,"1020 GRANVILLE ST, VANCOUVER, BC",-123.123151,49.27876546,1209460,477858,59154134002
267,"1020 HAMILTON ST, VANCOUVER, BC",-123.1195127,49.27664827,1209734,477634,59153470001
268,"1020 HARWOOD ST, VANCOUVER, BC",-123.1320414,49.27776642,1208817,477721,59150792005
269,"1020 MAINLAND ST, VANCOUVER, BC",-123.1192872,49.27608675,1209753,477572,59153470003
270,"1020 MALKIN AV, VANCOUVER, BC",-123.0823389,49.27261271,1212458,477297,59150751023
271,"1020 MARINASIDE CRESCENT, VANCOUVER, BC",-123.1153588,49.27291516,1210053,477232,59153562007
272,"1020 MARINASIDE CRESCENT, VANCOUVER, BC",-123.1130762,49.27349276,1210217,477303,59154000015
273,"1020 STATION ST, VANCOUVER, BC",-123.0987561,49.27515415,1211251,477530,59150751018
274,"1020 W 12TH AV, VANCOUVER, BC",-123.1274048,49.26030279,1209233,475796,59150646005
275,"1020 W 12TH AV, VANCOUVER, BC",-123.1276144,49.26030661,1209218,475796,59150646005
276,"1020 W 15TH AV, VANCOUVER, BC",-123.1277898,49.25758677,1209218,475493,59150645003
277,"1020 W 16TH AV, VANCOUVER, BC",-123.1281404,49.25674613,1209196,475399,59150656001
278,"1020 W BROADWAY, VANCOUVER, BC",-123.127502,49.26311551,1209214,476108,59153136001
279,"1020 WOLFE AV, VANCOUVER, BC",-123.1282934,49.25248043,1209204,474925,59150657010
280,"1021 BURNABY ST, VANCOUVER, BC",-123.130594,49.27898135,1208917,477860,59150795003
281,"1021 DEVONSHIRE CRESCENT, VANCOUVER, BC",-123.1286043,49.24474377,1209216,474065,59150670009
282,"1021 E 12TH AV, VANCOUVER, BC",-123.0827618,49.25991347,1212485,475886,59150744003
283,"1021 E 13TH AV, VANCOUVER, BC",-123.0827514,49.25901723,1212490,475786,59150745005
284,"1021 E 14TH AV, VANCOUVER, BC",-123.082802,49.25811345,1212490,475686,59150745004
285,"1021 E 15TH AV, VANCOUVER, BC",-123.0828209,49.25715626,1212493,475579,59150737004
286,"1021 HARWOOD ST, VANCOUVER, BC",-123.1317852,49.27836982,1208833,477789,59150793003
287,"1021 W HASTINGS ST, VANCOUVER, BC",-123.1181928,49.2877342,1209780,478869,59153995003
288,"1022 E 13TH AV, VANCOUVER, BC",-123.0829006,49.25849748,1212481,475728,59150745004
289,"1022 E 21ST AV, VANCOUVER, BC",-123.0833371,49.25154991,1212481,474955,59154158003
290,"1022 MAIN ST, VANCOUVER, BC",-123.099525,49.27539428,1211194,477554,59150751001
291,"1022 NELSON ST, VANCOUVER, BC",-123.1272977,49.28165525,1209145,478167,59153684001
292,"1022 SEYMOUR ST, VANCOUVER, BC",-123.1220468,49.27822379,1209543,477801,59154134001
293,"1023 CONNAUGHT DRIVE, VANCOUVER, BC",-123.1281653,49.24370219,1209253,473951,59150670008
294,"1023 E 11TH AV, VANCOUVER, BC",-123.0827219,49.26082749,1212484,475987,59150744002
295,"1023 E 17TH AV, VANCOUVER, BC",-123.0832097,49.25566573,1212472,475413,59154191003
296,"1023 E 21ST AV, VANCOUVER, BC",-123.0831286,49.25205245,1212494,475012,59154158001
297,"1023 E 41ST AV, VANCOUVER, BC",-123.0841954,49.23309489,1212503,472904,59150387001
298,"1023 E 8TH AV, VANCOUVER, BC",-123.0826763,49.26361915,1212474,476297,59150721001
299,"1023 PACIFIC ST, VANCOUVER, BC",-123.1326646,49.2775465,1208773,477695,59150792005
300,"1023 PACIFIC ST, VANCOUVER, BC",-123.1331634,49.27786059,1208735,477728,59150792005
301,"1023 PACIFIC ST, VANCOUVER, BC",-123.1333596,49.27798769,1208720,477742,59150792005
302,"1023 PACIFIC ST, VANCOUVER, BC",-123.1332615,49.27792417,1208728,477735,59150792005
303,"1023 PACIFIC ST, VANCOUVER, BC",-123.1334581,49.27805144,1208713,477749,59150792005
304,"1023 PACIFIC ST, VANCOUVER, BC",-123.1329666,49.27773318,1208750,477715,59150792005
305,"1023 PACIFIC ST, VANCOUVER, BC",-123.1327674,49.2776072,1208765,477701,59150792005
306,"1023 PACIFIC ST, VANCOUVER, BC",-123.1328683,49.27766956,1208758,477708,59150792005
307,"1023 PACIFIC ST, VANCOUVER, BC",-123.133065,49.27779693,1208743,477721,59150792005
308,"1023 WOLFE AV, VANCOUVER, BC",-123.12788,49.25310156,1209231,474995,59150656003
309,"1024 CARDERO ST, VANCOUVER, BC",-123.1357273,49.28690313,1208508,478725,59150846003
310,"1024 E 10TH AV, VANCOUVER, BC",-123.0827356,49.26120392,1212481,476029,59150744002
311,"1024 E 11TH AV, VANCOUVER, BC",-123.0827472,49.26031142,1212484,475930,59150744003
312,"1024 E 13TH AV, VANCOUVER, BC",-123.0827623,49.25849635,1212492,475728,59150745004
313,"1024 E 16TH AV, VANCOUVER, BC",-123.0829742,49.25605808,1212487,475457,59154191003
314,"1024 E 20TH AV, VANCOUVER, BC",-123.083061,49.25244905,1212497,475056,59154158001
315,"1024 KEEFER ST, VANCOUVER, BC",-123.0817979,49.27889118,1212468,477995,59153189016
316,"1024 MAIN ST, VANCOUVER, BC",-123.099531,49.27532366,1211194,477546,59150751001
317,"1024 MAIN ST, VANCOUVER, BC",-123.0995323,49.27525396,1211194,477539,59150751001
318,"1024 W 7TH AV, VANCOUVER, BC",-123.1272536,49.26493104,1209224,476310,59154192004
319,"1025 CHILCO ST, VANCOUVER, BC",-123.1420752,49.29119616,1208027,479183,59153394005
320,"1025 CHILCO ST, VANCOUVER, BC",-123.1422036,49.29130409,1208017,479194,59153394005
321,"1025 E 10TH AV, VANCOUVER, BC",-123.0827271,49.26172294,1212479,476087,59150744001
322,"1025 E 17TH AV, VANCOUVER, BC",-123.0829988,49.25566184,1212487,475413,59154191003
323,"1025 E 22ND AV, VANCOUVER, BC",-123.0831655,49.25114526,1212496,474911,59154158003
324,"1025 E 39TH AV, VANCOUVER, BC",-123.0841564,49.23496918,1212498,473112,59150385002
325,"1025 E 40TH AV, VANCOUVER, BC",-123.0841709,49.23402232,1212501,473007,59150385003
326,"1025 E BROADWAY, VANCOUVER, BC",-123.0826899,49.26271963,1212477,476197,59150721002
327,"1025 E BROADWAY, VANCOUVER, BC",-123.0825517,49.26271703,1212488,476198,59150721002
328,"1025 E KING EDWARD AV, VANCOUVER, BC",-123.0832427,49.24881683,1212501,474652,59150373002
329,"1025 GILFORD ST, VANCOUVER, BC",-123.1413846,49.29011084,1208082,479064,59150859003
330,"1025 GILFORD ST, VANCOUVER, BC",-123.1411848,49.28998336,1208097,479051,59150859003
331,"1025 GRANVILLE ST, VANCOUVER, BC",-123.1237665,49.27915564,1209413,477900,59154134003
332,"1025 GRANVILLE ST, VANCOUVER, BC",-123.1238406,49.27910654,1209408,477894,59154134003
333,"1025 RICHELIEU AV, VANCOUVER, BC",-123.1281569,49.25624823,1209197,475344,59150656001
334,"1025 ROBSON ST, VANCOUVER, BC",-123.1233565,49.28402786,1209421,478442,59153483001
335,"1025 W 11TH AV, VANCOUVER, BC",-123.1273563,49.26178257,1209230,475960,59153136002
336,"1025 W 13TH AV, VANCOUVER, BC",-123.1274109,49.25991334,1209235,475753,59150646005
337,"1025 W 7TH AV, VANCOUVER, BC",-123.1272912,49.2653956,1209219,476362,59154192002
338,"1026 DAVIE ST, VANCOUVER, BC",-123.1301167,49.27928854,1208951,477896,59150795003
339,"1026 E 18TH AV, VANCOUVER, BC",-123.082943,49.25426259,1212498,475258,59154191009
340,"1026 E 22ND AV, VANCOUVER, BC",-123.0831633,49.25063704,1212498,474855,59150373001
341,"1026 E 24TH AV, VANCOUVER, BC",-123.0832616,49.24890227,1212499,474662,59150373002
342,"1026 E 38TH AV, VANCOUVER, BC",-123.0841656,49.23535181,1212495,473155,59150385002
343,"1026 E 39TH AV, VANCOUVER, BC",-123.0841372,49.23442488,1212502,473052,59150385003
344,"1026 E 40TH AV, VANCOUVER, BC",-123.0841693,49.23348126,1212504,472947,59150387001
345,"1026 E 7TH AV, VANCOUVER, BC",-123.0826592,49.2640091,1212474,476341,59150721001
346,"1026 GRANVILLE ST, VANCOUVER, BC",-123.1232645,49.2786952,1209452,477850,59154134002
347,"1026 LAURIER AV, VANCOUVER, BC",-123.1281863,49.25043098,1209221,474698,59150659016
348,"1026 RICHELIEU AV, VANCOUVER, BC",-123.1282292,49.25552403,1209195,475263,59150656002
349,"1026 W 13TH AV, VANCOUVER, BC",-123.1274409,49.25937983,1209235,475693,59150646002
350,"1027 E 14TH AV, VANCOUVER, BC",-123.0826762,49.25811246,1212500,475686,59150745004
351,"1027 E 16TH AV, VANCOUVER, BC",-123.082933,49.25650848,1212488,475507,59150737003
352,"1027 E 29TH AV, VANCOUVER, BC",-123.08363,49.24484755,1212491,474211,59150375007
353,"1027 E GEORGIA ST, VANCOUVER, BC",-123.0818465,49.27850923,1212467,477953,59153189016
354,"1027 LAURIER AV, VANCOUVER, BC",-123.1281817,49.25103007,1209219,474764,59150659002
355,"1027 W 27TH AV, VANCOUVER, BC",-123.128041,49.24738761,1209245,474360,59150659008
356,"1027 W 8TH AV, VANCOUVER, BC",-123.1274767,49.26458132,1209209,476271,59154192004
357,"1028 ALBERNI ST, VANCOUVER, BC",-123.1227521,49.28426464,1209464,478470,59153483001
358,"1028 BARCLAY ST, VANCOUVER, BC",-123.1259866,49.28220522,1209238,478232,59153683002
359,"1028 BARCLAY ST, VANCOUVER, BC",-123.1257602,49.28205211,1209255,478215,59153683002
360,"1028 DEVONSHIRE CRESCENT, VANCOUVER, BC",-123.1281612,49.24429903,1209251,474017,59150670008
361,"1028 E 11TH AV, VANCOUVER, BC",-123.0826141,49.26031106,1212494,475930,59150744003
362,"1028 E 12TH AV, VANCOUVER, BC",-123.0827511,49.25940355,1212488,475829,59150745005
363,"1028 E 15TH AV, VANCOUVER, BC",-123.0829251,49.25670336,1212488,475529,59150737003
364,"1028 E 28TH AV, VANCOUVER, BC",-123.0836062,49.24519883,1212491,474250,59150375007
365,"1028 E 31ST AV, VANCOUVER, BC",-123.0836852,49.2422803,1212499,473925,59150419004
366,"1028 E 33RD AV, VANCOUVER, BC",-123.0839799,49.23999883,1212488,473671,59150381003
367,"1028 E 37TH AV, VANCOUVER, BC",-123.0841314,49.23625809,1212494,473255,59150385001
368,"1028 E 40TH AV, VANCOUVER, BC",-123.0840305,49.23348226,1212514,472948,59150387001
369,"1028 E PENDER ST, VANCOUVER, BC",-123.0817641,49.27979695,1212467,478096,59153189016
370,"1028 HAMILTON ST, VANCOUVER, BC",-123.1197295,49.27650231,1209719,477617,59153470001
371,"1028 W 26TH AV, VANCOUVER, BC",-123.1280328,49.24797771,1209243,474426,59150659008
372,"1028 W 27TH AV, VANCOUVER, BC",-123.1285399,49.24697103,1209211,474312,59150659009
373,"1028 W 29TH AV, VANCOUVER, BC",-123.1281321,49.24522194,1209248,474120,59150670009
374,"1028 W 32ND AV, VANCOUVER, BC",-123.1283527,49.24213503,1209246,473776,59150670006
375,"1028 W 37TH AV, VANCOUVER, BC",-123.1289112,49.23741192,1209227,473250,59150669008
376,"1029 E 12TH AV, VANCOUVER, BC",-123.0826223,49.25991447,1212495,475886,59150744003
377,"1029 E 13TH AV, VANCOUVER, BC",-123.0826133,49.2590161,1212500,475787,59150745005
378,"1029 E 15TH AV, VANCOUVER, BC",-123.0827093,49.25718173,1212501,475583,59150737004
379,"1029 E GEORGIA ST, VANCOUVER, BC",-123.0817303,49.27850797,1212475,477953,59153189016
380,"1029 NANTON AV, VANCOUVER, BC",-123.128558,49.2465875,1209211,474270,59150659009
381,"1029 W 26TH AV, VANCOUVER, BC",-123.1284836,49.24841572,1209208,474473,59150659018
382,"1029 W 27TH AV, VANCOUVER, BC",-123.1285125,49.24749232,1209211,474370,59150659008
383,"1029 W 29TH AV, VANCOUVER, BC",-123.1285744,49.24565456,1209214,474166,59150670010
384,"1029 W 32ND AV, VANCOUVER, BC",-123.1286731,49.24271125,1209220,473839,59150670007
385,"1029 W 33RD AV, VANCOUVER, BC",-123.1287104,49.24174197,1209222,473731,59150670006
386,"103 E 41ST AV, VANCOUVER, BC",-123.103488,49.23339148,1211097,472879,59150534004
387,"103 E HASTINGS ST, VANCOUVER, BC",-123.1018443,49.28168054,1210997,478245,59153581002
388,"103 E WOODSTOCK AV, VANCOUVER, BC",-123.1035112,49.23390914,1211093,472937,59150534005
389,"103 POWELL ST, VANCOUVER, BC",-123.1018996,49.28346017,1210985,478443,59153579001
390,"103 POWELL ST, VANCOUVER, BC",-123.1020034,49.28346323,1210977,478443,59153579001
391,"103 POWELL ST, VANCOUVER, BC",-123.1015861,49.2834528,1211008,478443,59153579001
392,"103 POWELL ST, VANCOUVER, BC",-123.1016906,49.28345586,1211000,478443,59153579001
393,"103 POWELL ST, VANCOUVER, BC",-123.1017958,49.28345847,1210992,478443,59153579001
394,"103 W 14TH AV, VANCOUVER, BC",-123.1072741,49.25875287,1210706,475684,59153156002
395,"103 W 15TH AV, VANCOUVER, BC",-123.1073388,49.25786364,1210705,475585,59150680006
396,"103 W 19TH AV, VANCOUVER, BC",-123.1074764,49.25406356,1210713,475162,59150682002
397,"103 W 21ST AV, VANCOUVER, BC",-123.1075485,49.252157,1210716,474950,59150683002
398,"103 W 22ND AV, VANCOUVER, BC",-123.1076042,49.25126553,1210716,474851,59153252001
399,"103 W 23RD AV, VANCOUVER, BC",-123.1076398,49.2502495,1210718,474738,59153252002
400,"103 W 6TH AV, VANCOUVER, BC",-123.1069712,49.26586697,1210696,476474,59154173017
401,"1030 BURNABY ST, VANCOUVER, BC",-123.1314606,49.27877595,1208855,477835,59150793003
402,"1030 BUTE ST, VANCOUVER, BC",-123.129618,49.28257361,1208972,478262,59153679001
403,"1030 CHILCO ST, VANCOUVER, BC",-123.1422426,49.29057031,1208018,479113,59150859003
404,"1030 CONNAUGHT DRIVE, VANCOUVER, BC",-123.1286661,49.24321228,1209219,473895,59150670007
405,"1030 DAVIE ST, VANCOUVER, BC",-123.1302905,49.27939246,1208937,477907,59150795003
406,"1030 DEVONSHIRE CRESCENT, VANCOUVER, BC",-123.1286309,49.24420629,1209217,474005,59150670008
407,"1030 E 10TH AV, VANCOUVER, BC",-123.0825988,49.26120177,1212491,476029,59150744002
408,"1030 E 13TH AV, VANCOUVER, BC",-123.082624,49.25849525,1212502,475729,59150745004
409,"1030 E 14TH AV, VANCOUVER, BC",-123.082687,49.25759812,1212501,475629,59150737004
410,"1030 E 8TH AV, VANCOUVER, BC",-123.0825374,49.26310337,1212487,476240,59150721002
411,"1030 E CORDOVA ST, VANCOUVER, BC",-123.0815716,49.28169166,1212472,478307,59153181013
412,"1030 E CORDOVA ST, VANCOUVER, BC",-123.0816765,49.28169359,1212464,478307,59153181013
413,"1030 E HASTINGS ST, VANCOUVER, BC",-123.0819238,49.28070626,1212451,478197,59153189016
414,"1030 E PENDER ST, VANCOUVER, BC",-123.0816679,49.27979432,1212474,478096,59153189016
415,"1030 HARWOOD ST, VANCOUVER, BC",-123.1324836,49.27805293,1208784,477752,59150792005
416,"1030 HARWOOD ST, VANCOUVER, BC",-123.1325818,49.27811662,1208776,477758,59150792005
417,"1030 HARWOOD ST, VANCOUVER, BC",-123.1323853,49.27798925,1208791,477745,59150792005
418,"1030 KEEFER ST, VANCOUVER, BC",-123.0816931,49.27888926,1212476,477996,59153189016
419,"1030 ROBSON ST, VANCOUVER, BC",-123.1237872,49.28354254,1209392,478387,59153682002
420,"1030 W 11TH AV, VANCOUVER, BC",-123.1273626,49.26125635,1209232,475902,59153136003
421,"1030 W 11TH AV, VANCOUVER, BC",-123.1275812,49.26126105,1209216,475902,59153136003
422,"1030 W 14TH AV, VANCOUVER, BC",-123.1274769,49.258438,1209237,475589,59150645004
423,"1030 W 14TH AV, VANCOUVER, BC",-123.1278954,49.25844517,1209206,475588,59150645004
424,"1030 W 14TH AV, VANCOUVER, BC",-123.1276858,49.25844181,1209221,475588,59150645004
425,"1030 W 26TH AV, VANCOUVER, BC",-123.1285038,49.24789172,1209209,474415,59150659008
426,"1030 W 32ND AV, VANCOUVER, BC",-123.1287079,49.24212562,1209220,473774,59150670006
427,"1030 W 33RD AV, VANCOUVER, BC",-123.1287186,49.24118067,1209224,473669,59150668001
428,"1030 W 38TH AV, VANCOUVER, BC",-123.1291576,49.23654045,1209213,473153,59150669008
429,"1030 W BROADWAY, VANCOUVER, BC",-123.1275425,49.26305183,1209211,476101,59153136001
430,"1030 W GEORGIA ST, VANCOUVER, BC",-123.1220089,49.2845353,1209517,478502,59153483003
431,"1030 W KING EDWARD AV, VANCOUVER, BC",-123.1284817,49.24884947,1209207,474521,59150659018
432,"1031 BURNABY ST, VANCOUVER, BC",-123.1307906,49.27910863,1208902,477874,59150795003
433,"1031 CARDERO ST, VANCOUVER, BC",-123.1364726,49.28692475,1208454,478725,59153956004
434,"1031 E 11TH AV, VANCOUVER, BC",-123.0825865,49.26082804,1212494,475988,59150744002
435,"1031 W 10TH AV, VANCOUVER, BC",-123.1273244,49.26270462,1209228,476063,59153136001
436,"1031 W 15TH AV, VANCOUVER, BC",-123.1275012,49.25806196,1209237,475547,59150645004
437,"1031 W 16TH AV, VANCOUVER, BC",-123.1283745,49.25725275,1209177,475454,59150645003
438,"1032 ALBERNI ST, VANCOUVER, BC",-123.1230242,49.28444245,1209443,478489,59153483001
439,"1032 E 12TH AV, VANCOUVER, BC",-123.0826129,49.2594023,1212498,475829,59150745005
440,"1032 NICOLA ST, VANCOUVER, BC",-123.1348116,49.2859507,1208579,478622,59150846006
441,"1032 WOLFE AV, VANCOUVER, BC",-123.1285881,49.25272836,1209181,474952,59150657010
442,"1033 BALFOUR AV, VANCOUVER, BC",-123.1283368,49.25206165,1209203,474878,59150657010
443,"1033 DAVIE ST, VANCOUVER, BC",-123.1297453,49.27979807,1208975,477953,59153684002
444,"1033 DAVIE ST, VANCOUVER, BC",-123.1299471,49.27992512,1208960,477967,59153684002
445,"1033 DAVIE ST, VANCOUVER, BC",-123.1295919,49.27970424,1208987,477943,59153684002
446,"1033 DEVONSHIRE CRESCENT, VANCOUVER, BC",-123.1288715,49.24474797,1209197,474065,59150670009
447,"1033 E 12TH AV, VANCOUVER, BC",-123.0824821,49.25991133,1212505,475886,59150744003
448,"1033 E 13TH AV, VANCOUVER, BC",-123.082475,49.25901502,1212510,475787,59150745005
449,"1033 E 14TH AV, VANCOUVER, BC",-123.0825507,49.25810461,1212509,475686,59150745004
450,"1033 E 21ST AV, VANCOUVER, BC",-123.0829266,49.2520486,1212509,475012,59154158001
451,"1033 E 33RD AV, VANCOUVER, BC",-123.0836685,49.24047849,1212508,473725,59150419004
452,"1033 E 38TH AV, VANCOUVER, BC",-123.0840504,49.23585741,1212501,473211,59150385001
453,"1033 E 39TH AV, VANCOUVER, BC",-123.0839955,49.23496733,1212509,473113,59150385002
454,"1033 E 40TH AV, VANCOUVER, BC",-123.084039,49.23401972,1212511,473007,59150385003
455,"1033 E 41ST AV, VANCOUVER, BC",-123.0840621,49.23309364,1212513,472904,59150387001
456,"1033 HARO ST, VANCOUVER, BC",-123.1243984,49.28329464,1209349,478357,59153682002
457,"1033 KEEFER ST, VANCOUVER, BC",-123.0816853,49.279405,1212474,478053,59153189016
458,"1033 MARINASIDE CRESCENT, VANCOUVER, BC",-123.1166367,49.27363109,1209957,477308,59153474001
459,"1033 SEYMOUR ST, VANCOUVER, BC",-123.1229101,49.27840547,1209479,477819,59154134002
460,"1033 VENABLES ST, VANCOUVER, BC",-123.0816371,49.2770652,1212488,477793,59153188003
461,"1033 W 7TH AV, VANCOUVER, BC",-123.1273641,49.26539667,1209213,476362,59154192002
462,"1034 DAVIE ST, VANCOUVER, BC",-123.1304262,49.27948544,1208927,477917,59150795003
463,"1034 E 14TH AV, VANCOUVER, BC",-123.0825814,49.2575885,1212509,475628,59150737004
464,"1034 E 37TH AV, VANCOUVER, BC",-123.0839879,49.23625865,1212504,473256,59150385001
465,"1034 E 38TH AV, VANCOUVER, BC",-123.0840193,49.23535101,1212506,473155,59150385002
466,"1034 ROBSON ST, VANCOUVER, BC",-123.1239373,49.28363773,1209381,478397,59153682002
467,"1034 W 15TH AV, VANCOUVER, BC",-123.128066,49.25759128,1209198,475493,59150645003
468,"1035 CONNAUGHT DRIVE, VANCOUVER, BC",-123.1286463,49.24381855,1209217,473962,59150670008
469,"1035 E 10TH AV, VANCOUVER, BC",-123.082581,49.2617217,1212490,476087,59150744001
470,"1035 E 13TH AV, VANCOUVER, BC",-123.0823365,49.25901392,1212520,475787,59150745005
471,"1035 E 17TH AV, VANCOUVER, BC",-123.0827899,49.25565929,1212503,475413,59154191003
472,"1035 E 22ND AV, VANCOUVER, BC",-123.0829538,49.25114181,1212511,474911,59154158003
473,"1035 E 29TH AV, VANCOUVER, BC",-123.0834885,49.24484631,1212501,474211,59150375007
474,"1035 GRANVILLE ST, VANCOUVER, BC",-123.1239798,49.27901283,1209398,477883,59154134003
475,"1035 GRANVILLE ST, VANCOUVER, BC",-123.1239141,49.27905788,1209403,477888,59154134003
476,"1035 KINGSWAY, VANCOUVER, BC",-123.082892,49.25382718,1212503,475210,59154191009
477,"1035 SEYMOUR ST, VANCOUVER, BC",-123.1230527,49.27830952,1209469,477808,59154134002
478,"1035 SEYMOUR ST, VANCOUVER, BC",-123.1229793,49.27835592,1209474,477813,59154134002
479,"1035 W 10TH AV, VANCOUVER, BC",-123.1275319,49.26270843,1209213,476063,59153136001
480,"1035 W 11TH AV, VANCOUVER, BC",-123.1275801,49.26180301,1209214,475962,59153136002
481,"1035 W 12TH AV, VANCOUVER, BC",-123.127602,49.26086703,1209217,475858,59153136003
482,"1035 W 13TH AV, VANCOUVER, BC",-123.1276199,49.25991675,1209220,475752,59150646005
483,"1035 W 15TH AV, VANCOUVER, BC",-123.1277108,49.25806443,1209221,475547,59150645004
484,"1036 CARDERO ST, VANCOUVER, BC",-123.1359195,49.28677985,1208495,478710,59150846004
485,"1036 E 10TH AV, VANCOUVER, BC",-123.0824592,49.26120187,1212501,476030,59150744002
486,"1036 E 11TH AV, VANCOUVER, BC",-123.0824696,49.26030982,1212505,475931,59150744003
487,"1036 E 12TH AV, VANCOUVER, BC",-123.0824748,49.2594015,1212508,475830,59150745005
488,"1036 E 13TH AV, VANCOUVER, BC",-123.0824857,49.25849411,1212512,475729,59150745004
489,"1036 E 15TH AV, VANCOUVER, BC",-123.082718,49.25669663,1212503,475529,59150737003
490,"1036 E 16TH AV, VANCOUVER, BC",-123.0827666,49.25605508,1212502,475457,59154191003
491,"1036 E 18TH AV, VANCOUVER, BC",-123.0827979,49.25424371,1212508,475256,59154191009
492,"1036 E 20TH AV, VANCOUVER, BC",-123.0828539,49.25244597,1212513,475056,59154158001
493,"1036 E 21ST AV, VANCOUVER, BC",-123.0830262,49.25154506,1212504,474956,59154158003
494,"1036 E 24TH AV, VANCOUVER, BC",-123.0830269,49.24881922,1212517,474653,59150373002
495,"1036 E 33RD AV, VANCOUVER, BC",-123.0838439,49.23999488,1212497,473671,59150381003
496,"1036 E 39TH AV, VANCOUVER, BC",-123.0839985,49.23442408,1212512,473052,59150385003
497,"1036 KEEFER ST, VANCOUVER, BC",-123.0815884,49.27888733,1212484,477996,59153189016
498,"1036 KEEFER ST, VANCOUVER, BC",-123.0815017,49.27888573,1212490,477996,59153189016
499,"1037 DENMAN ST, VANCOUVER, BC",-123.1395105,49.28905437,1208223,478952,59150864001
500,"1037 E 11TH AV, VANCOUVER, BC",-123.0824497,49.26082589,1212504,475988,59150744002
501,"1037 E 15TH AV, VANCOUVER, BC",-123.0825991,49.25718311,1212509,475583,59150737004
502,"1037 E 8TH AV, VANCOUVER, BC",-123.0823912,49.26361711,1212495,476298,59150721001
503,"1037 E BROADWAY, VANCOUVER, BC",-123.0824171,49.26271578,1212497,476198,59150721002
504,"1037 RICHELIEU AV, VANCOUVER, BC",-123.1284469,49.2562515,1209176,475343,59150656001
505,"1037 W 38TH AV, VANCOUVER, BC",-123.1294479,49.23704475,1209189,473208,59150669008
506,"1037 W BROADWAY, VANCOUVER, BC",-123.127496,49.26370695,1209211,476174,59153133004
507,"1038 CANADA PLACE, VANCOUVER, BC",-123.1165906,49.28815831,1209895,478921,59153997001
508,"1038 CARDERO ST, VANCOUVER, BC",-123.1360401,49.28669991,1208486,478701,59150846004
509,"1038 E 10TH AV, VANCOUVER, BC",-123.08231,49.26120018,1212512,476030,59150744002
510,"1038 E 31ST AV, VANCOUVER, BC",-123.083532,49.24227582,1212510,473925,59150419004
511,"1038 E 38TH AV, VANCOUVER, BC",-123.0838819,49.23534662,1212516,473155,59150385002
512,"1038 E 39TH AV, VANCOUVER, BC",-123.083859,49.23442328,1212522,473053,59150385003
513,"1038 E 40TH AV, VANCOUVER, BC",-123.0838883,49.23347562,1212524,472947,59150387001
514,"1038 MAIN ST, VANCOUVER, BC",-123.0995391,49.27518739,1211194,477531,59150751001
515,"1038 MAIN ST, VANCOUVER, BC",-123.099543,49.27504976,1211195,477516,59150751001
516,"1038 MAIN ST, VANCOUVER, BC",-123.0995431,49.27511902,1211194,477524,59150751001
517,"1038 NANTON AV, VANCOUVER, BC",-123.1285746,49.24605214,1209213,474210,59150670010
518,"1038 W 27TH AV, VANCOUVER, BC",-123.1288037,49.24697567,1209192,474312,59150659009
519,"1038 W 29TH AV, VANCOUVER, BC",-123.1286024,49.24512607,1209215,474107,59150670009
520,"1038 W 7TH AV, VANCOUVER, BC",-123.1275954,49.26491671,1209199,476308,59154192004
521,"1038 WOLFE AV, VANCOUVER, BC",-123.1287845,49.25293999,1209166,474974,59150657010
522,"1039 BURNABY ST, VANCOUVER, BC",-123.1309872,49.27923589,1208887,477887,59150795003
523,"1039 E 38TH AV, VANCOUVER, BC",-123.0838759,49.23585349,1212514,473211,59150385001
524,"1039 E 40TH AV, VANCOUVER, BC",-123.0838934,49.23401848,1212521,473008,59150385003
525,"1039 E 41ST AV, VANCOUVER, BC",-123.0839179,49.23309015,1212524,472904,59150387001
526,"1039 KEEFER ST, VANCOUVER, BC",-123.081549,49.27940401,1212484,478053,59153189016
527,"1039 NICOLA ST, VANCOUVER, BC",-123.1351699,49.28624511,1208552,478653,59150846004
528,"1039 W 29TH AV, VANCOUVER, BC",-123.1288423,49.24565786,1209195,474166,59150670010
529,"1039 W 7TH AV, VANCOUVER, BC",-123.1274365,49.26539769,1209208,476361,59154192002
530,"104 E 24TH AV, VANCOUVER, BC",-123.1030883,49.24936096,1211053,474653,59150685005
531,"104 E BROADWAY, VANCOUVER, BC",-123.1027533,49.26266995,1211017,476132,59153159004
532,"104 E KING EDWARD AV, VANCOUVER, BC",-123.1030723,49.24856176,1211058,474565,59150687002
533,"104 PEVERIL AV, VANCOUVER, BC",-123.1083283,49.24651148,1210685,474321,59153251010
534,"104 W 11TH AV, VANCOUVER, BC",-123.1071718,49.26093788,1210703,475926,59153157001
535,"104 W 16TH AV, VANCOUVER, BC",-123.1073599,49.25642659,1210710,475425,59150681002
536,"1040 E 14TH AV, VANCOUVER, BC",-123.0824613,49.25759349,1212518,475629,59150737004
537,"1040 E 22ND AV, VANCOUVER, BC",-123.0829984,49.25063175,1212510,474855,59150373001
538,"1040 E 37TH AV, VANCOUVER, BC",-123.0838196,49.23625697,1212516,473256,59150385001
539,"1040 E 7TH AV, VANCOUVER, BC",-123.0823822,49.26400704,1212494,476341,59150721001
540,"1040 E 7TH AV, VANCOUVER, BC",-123.0822434,49.26400624,1212504,476342,59150721001
541,"1040 E 7TH AV, VANCOUVER, BC",-123.0825204,49.2640083,1212484,476341,59150721001
542,"1040 E BROADWAY, VANCOUVER, BC",-123.0825102,49.26210494,1212493,476130,59150744001
543,"1040 E HASTINGS ST, VANCOUVER, BC",-123.0818261,49.28070543,1212458,478197,59153189016
544,"1040 HAMILTON ST, VANCOUVER, BC",-123.1199416,49.27635457,1209704,477600,59153470001
545,"1040 PACIFIC ST, VANCOUVER, BC",-123.1337614,49.27736582,1208694,477672,59153172001
546,"1040 W 16TH AV, VANCOUVER, BC",-123.1284173,49.25674852,1209176,475398,59150656001
547,"1040 W 7TH AV, VANCOUVER, BC",-123.1279099,49.2649204,1209176,476307,59154192004
548,"1040 W 8TH AV, VANCOUVER, BC",-123.1276868,49.2640751,1209196,476214,59153133004
549,"1040 W GEORGIA ST, VANCOUVER, BC",-123.1224904,49.28485186,1209480,478536,59153483003
550,"1040 W GEORGIA ST, VANCOUVER, BC",-123.1228932,49.28510824,1209450,478563,59153483003
551,"1040 W GEORGIA ST, VANCOUVER, BC",-123.1226873,49.28498118,1209465,478550,59153483003
552,"1041 COMOX ST, VANCOUVER, BC",-123.1278121,49.28133297,1209109,478130,59153684001
553,"1041 E 12TH AV, VANCOUVER, BC",-123.0823384,49.25991234,1212516,475887,59150744003
554,"1041 E 14TH AV, VANCOUVER, BC",-123.0824248,49.25811048,1212518,475687,59150745004
555,"1041 E 16TH AV, VANCOUVER, BC",-123.0827259,49.25650399,1212503,475507,59150737003
556,"1041 E 21ST AV, VANCOUVER, BC",-123.082719,49.25204554,1212524,475012,59154158001
557,"1041 W 7TH AV, VANCOUVER, BC",-123.1276053,49.26541053,1209196,476362,59154192002
558,"1041 WOLFE AV, VANCOUVER, BC",-123.1282871,49.25353378,1209200,475042,59150656003
559,"1042 ALBERNI ST, VANCOUVER, BC",-123.1231343,49.28453408,1209435,478499,59153483001
560,"1042 DAVIE ST, VANCOUVER, BC",-123.1305729,49.27956534,1208916,477925,59150795003
561,"1042 E 11TH AV, VANCOUVER, BC",-123.0823342,49.26030902,1212514,475931,59150744003
562,"1042 E 20TH AV, VANCOUVER, BC",-123.0827158,49.25244392,1212523,475057,59154158001
563,"1042 NELSON ST, VANCOUVER, BC",-123.1278206,49.2819091,1209106,478193,59153684001
564,"1042 W 37TH AV, VANCOUVER, BC",-123.1291839,49.23742105,1209207,473250,59150669008
565,"1043 DAVIE ST, VANCOUVER, BC",-123.1300864,49.28001357,1208949,477976,59153684002
566,"1043 E 11TH AV, VANCOUVER, BC",-123.0823095,49.26082599,1212514,475988,59150744002
567,"1043 E 21ST AV, VANCOUVER, BC",-123.0826809,49.25201407,1212527,475009,59154158001
568,"1043 GRANVILLE ST, VANCOUVER, BC",-123.1240594,49.27896012,1209393,477877,59154134003
569,"1043 UNION ST, VANCOUVER, BC",-123.0817575,49.27752629,1212478,477844,59153189016
570,"1043 W 12TH AV, VANCOUVER, BC",-123.1278123,49.26086904,1209201,475858,59153136003
571,"1043 W KING EDWARD AV, VANCOUVER, BC",-123.1285994,49.24969274,1209194,474614,59150659016
572,"1044 CARDERO ST, VANCOUVER, BC",-123.1361739,49.28661121,1208477,478691,59150846004
573,"1044 E 13TH AV, VANCOUVER, BC",-123.0823476,49.25848616,1212522,475728,59150745004
574,"1044 E 22ND AV, VANCOUVER, BC",-123.0828569,49.25063051,1212521,474855,59150373001
575,"1044 E 8TH AV, VANCOUVER, BC",-123.0824007,49.26310302,1212497,476241,59150721002
576,"1044 ROBSON ST, VANCOUVER, BC",-123.1241336,49.28376525,1209366,478410,59153682002
577,"1044 WOLFE AV, VANCOUVER, BC",-123.1289335,49.25316335,1209154,474999,59150657010
578,"1045 BURNABY ST, VANCOUVER, BC",-123.1312821,49.27942681,1208865,477908,59150795003
579,"1045 E 10TH AV, VANCOUVER, BC",-123.0824415,49.26172225,1212500,476087,59150744001
580,"1045 E 17TH AV, VANCOUVER, BC",-123.0825865,49.25565628,1212517,475414,59154191003
581,"1045 E 22ND AV, VANCOUVER, BC",-123.0827477,49.2511406,1212526,474912,59154158003
582,"1045 E 39TH AV, VANCOUVER, BC",-123.0838118,49.23496517,1212523,473113,59150385002
583,"1045 HARO ST, VANCOUVER, BC",-123.1249983,49.28368684,1209303,478399,59153682002
584,"1045 HOWE ST, VANCOUVER, BC",-123.1250839,49.27953559,1209316,477938,59150782001
585,"1045 KINGSWAY, VANCOUVER, BC",-123.0827909,49.25378181,1212511,475205,59154191009
586,"1045 KINGSWAY, VANCOUVER, BC",-123.0826634,49.25371291,1212521,475198,59154191009
587,"1045 NELSON ST, VANCOUVER, BC",-123.1267578,49.28198822,1209183,478205,59153683002
588,"1045 ROBSON ST, VANCOUVER, BC",-123.1237732,49.28427342,1209390,478468,59153483001
589,"1045 SEYMOUR ST, VANCOUVER, BC",-123.1231318,49.27825861,1209463,477802,59154134002
590,"1045 SEYMOUR ST, VANCOUVER, BC",-123.1232011,49.27821085,1209459,477797,59154134002
591,"1045 W 10TH AV, VANCOUVER, BC",-123.1277395,49.26271225,1209198,476062,59153136001
592,"1045 W 11TH AV, VANCOUVER, BC",-123.127781,49.26178749,1209199,475960,59153136002
593,"1045 W 13TH AV, VANCOUVER, BC",-123.1278289,49.25992012,1209204,475752,59150646005
594,"1045 W 14TH AV, VANCOUVER, BC",-123.1277764,49.25898411,1209212,475648,59150646002
595,"1045 W 15TH AV, VANCOUVER, BC",-123.1279204,49.25806824,1209206,475546,59150645004
596,"1045 W 7TH AV, VANCOUVER, BC",-123.1277077,49.26540997,1209188,476362,59154192002
597,"1045 W 8TH AV, VANCOUVER, BC",-123.1278728,49.26456782,1209180,476268,59154192004
598,"1046 E 12TH AV, VANCOUVER, BC",-123.082336,49.25940025,1212518,475830,59150745005
599,"1046 E 15TH AV, VANCOUVER, BC",-123.0824438,49.25659099,1212523,475518,59150737003
600,"1046 E 18TH AV, VANCOUVER, BC",-123.0826577,49.25424067,1212519,475256,59154191009
601,"1046 GRANVILLE ST, VANCOUVER, BC",-123.1233932,49.27860383,1209443,477840,59154134002
602,"1046 RICHELIEU AV, VANCOUVER, BC",-123.1285764,49.25556907,1209170,475267,59150656002
603,"1046 W 12TH AV, VANCOUVER, BC",-123.1278226,49.26030952,1209203,475795,59150646005
604,"1046 W 13TH AV, VANCOUVER, BC",-123.1277597,49.25938488,1209212,475693,59150646002
605,"1047 BARCLAY ST, VANCOUVER, BC",-123.1257686,49.28281723,1209251,478300,59153683001
606,"1047 DAVIE ST, VANCOUVER, BC",-123.1301399,49.28005669,1208945,477981,59153684002
607,"1047 DENMAN ST, VANCOUVER, BC",-123.139612,49.2889724,1208216,478943,59150864001
608,"1047 E 10TH AV, VANCOUVER, BC",-123.0823013,49.26171965,1212510,476088,59150744001
609,"1047 E 13TH AV, VANCOUVER, BC",-123.0821982,49.25901273,1212530,475787,59150745005
610,"1047 E 14TH AV, VANCOUVER, BC",-123.0822992,49.25810262,1212527,475686,59150745004
611,"1047 E 33RD AV, VANCOUVER, BC",-123.0835485,49.24047858,1212517,473726,59150419004
612,"1047 E 38TH AV, VANCOUVER, BC",-123.0837426,49.23585404,1212524,473212,59150385001
613,"1047 E 40TH AV, VANCOUVER, BC",-123.0837595,49.23401992,1212531,473008,59150385003
614,"1047 E 41ST AV, VANCOUVER, BC",-123.083752,49.23309529,1212536,472905,59150387001
615,"1047 GRANVILLE ST, VANCOUVER, BC",-123.1242099,49.27886236,1209382,477866,59154134003
616,"1047 GRANVILLE ST, VANCOUVER, BC",-123.1241364,49.27891102,1209387,477872,59154134003
617,"1048 DAVIE ST, VANCOUVER, BC",-123.1307102,49.27967286,1208906,477937,59150795003
618,"1048 DAVIE ST, VANCOUVER, BC",-123.1307678,49.2796933,1208901,477939,59150795003
619,"1048 E 14TH AV, VANCOUVER, BC",-123.0823321,49.25759448,1212527,475630,59150737004
620,"1048 E 16TH AV, VANCOUVER, BC",-123.0825598,49.25605118,1212517,475458,59154191003
621,"1048 E 22ND AV, VANCOUVER, BC",-123.0827181,49.2506261,1212531,474855,59150373001
622,"1048 E 28TH AV, VANCOUVER, BC",-123.0834468,49.24520065,1212503,474250,59150375007
623,"1048 E 38TH AV, VANCOUVER, BC",-123.0837486,49.23534626,1212526,473155,59150385002
624,"1048 E 39TH AV, VANCOUVER, BC",-123.0837203,49.23442248,1212532,473053,59150385003
625,"1048 E 40TH AV, VANCOUVER, BC",-123.0837462,49.23347662,1212534,472948,59150387001
626,"1048 E 7TH AV, VANCOUVER, BC",-123.0821439,49.26400317,1212511,476342,59150721001
627,"1049 CHILCO ST, VANCOUVER, BC",-123.1425653,49.29087669,1207993,479146,59153394005
628,"1049 E 10TH AV, VANCOUVER, BC",-123.0821632,49.26171975,1212520,476088,59150744001
629,"1049 E 11TH AV, VANCOUVER, BC",-123.082162,49.2608252,1212525,475989,59150744002
630,"1049 NANTON AV, VANCOUVER, BC",-123.1288056,49.24658664,1209193,474269,59150659009
631,"1049 W 26TH AV, VANCOUVER, BC",-123.1287532,49.24842036,1209189,474473,59150659018
632,"1049 W 27TH AV, VANCOUVER, BC",-123.1287715,49.24749563,1209192,474370,59150659008
633,"1049 W 32ND AV, VANCOUVER, BC",-123.1289431,49.24271409,1209201,473839,59150670007
634,"1049 W 33RD AV, VANCOUVER, BC",-123.1289777,49.24175157,1209203,473732,59150670006
635,"105 E 15TH AV, VANCOUVER, BC",-123.1029624,49.25778086,1211024,475588,59153161003
636,"105 E BROADWAY, VANCOUVER, BC",-123.1027029,49.26335565,1211018,476208,59153163009
637,"105 E KING EDWARD AV, VANCOUVER, BC",-123.1030821,49.24908201,1211055,474622,59150685005
638,"105 KEEFER ST, VANCOUVER, BC",-123.1018746,49.27978075,1211003,478034,59153585003
639,"105 PEVERIL AV, VANCOUVER, BC",-123.1078809,49.24692521,1210715,474369,59153251011
640,"105 TALISMAN AV, VANCOUVER, BC",-123.1089174,49.24636387,1210643,474303,59153251010
641,"105 W 18TH AV, VANCOUVER, BC",-123.107505,49.25490321,1210707,475255,59150682001
642,"105 W 20TH AV, VANCOUVER, BC",-123.1074831,49.25310434,1210716,475056,59150683001
643,"105 W 26TH AV, VANCOUVER, BC",-123.1077367,49.24809738,1210721,474499,59153251014
644,"105 W 3RD AV, VANCOUVER, BC",-123.1070311,49.26853893,1210679,476771,59154173001
645,"105 W 3RD AV, VANCOUVER, BC",-123.1068624,49.26858317,1210691,476776,59154173001
646,"105 W 40TH AV, VANCOUVER, BC",-123.1083019,49.23494956,1210739,473038,59150540003
647,"105 W KING EDWARD AV, VANCOUVER, BC",-123.1076833,49.24920875,1210719,474623,59153252003
648,"1050 ALBERNI ST, VANCOUVER, BC",-123.1232266,49.28459021,1209428,478505,59153483001
649,"1050 ALBERNI ST, VANCOUVER, BC",-123.1233046,49.28465804,1209422,478512,59153483001
650,"1050 BEACH AV, VANCOUVER, BC",-123.1347063,49.27626468,1208630,477546,59153171006
651,"1050 BEACH AV, VANCOUVER, BC",-123.137535,49.27933213,1208411,477879,59153400001
652,"1050 BEACH AV, VANCOUVER, BC",-123.1354046,49.27598274,1208581,477513,59154140001
653,"1050 BIDWELL ST, VANCOUVER, BC",-123.1376593,49.28766681,1208364,478804,59153956004
654,"1050 BROUGHTON ST, VANCOUVER, BC",-123.1332766,49.28488791,1208695,478508,59153676003
655,"1050 BURRARD ST, VANCOUVER, BC",-123.1266061,49.27985684,1209203,477969,59153849002
656,"1050 CHILCO ST, VANCOUVER, BC",-123.1427476,49.29023781,1207982,479074,59150861004
657,"1050 CONNAUGHT DRIVE, VANCOUVER, BC",-123.1289042,49.2431825,1209201,473891,59150670007
658,"1050 DEVONSHIRE CRESCENT, VANCOUVER, BC",-123.1289023,49.24421138,1209197,474005,59150670008
659,"1050 E 10TH AV, VANCOUVER, BC",-123.0821889,49.26121826,1212521,476032,59150744002
660,"1050 E 11TH AV, VANCOUVER, BC",-123.0821873,49.2603051,1212525,475931,59150744003
661,"1050 E 12TH AV, VANCOUVER, BC",-123.0821979,49.25939945,1212528,475830,59150745005
662,"1050 E 13TH AV, VANCOUVER, BC",-123.0822093,49.25848503,1212532,475729,59150745004
663,"1050 E 33RD AV, VANCOUVER, BC",-123.083299,49.23998988,1212537,473672,59150381004
664,"1050 E GEORGIA ST, VANCOUVER, BC",-123.0821295,49.27798955,1212448,477894,59153189016
665,"1050 E HASTINGS ST, VANCOUVER, BC",-123.0817216,49.2807055,1212466,478197,59153189016
666,"1050 GLEN DRIVE, VANCOUVER, BC",-123.0811037,49.27485007,1212537,477549,59150751023
667,"1050 GRANVILLE ST, VANCOUVER, BC",-123.1235587,49.27849762,1209431,477827,59154134002
668,"1050 HARWOOD ST, VANCOUVER, BC",-123.13268,49.27818021,1208769,477765,59150792005
669,"1050 HARWOOD ST, VANCOUVER, BC",-123.1328274,49.27827568,1208758,477775,59150792005
670,"1050 HARWOOD ST, VANCOUVER, BC",-123.1330241,49.27840305,1208743,477789,59150792005
671,"1050 HOMER ST, VANCOUVER, BC",-123.1205692,49.2766548,1209657,477632,59153470004
672,"1050 JERVIS ST, VANCOUVER, BC",-123.1323523,49.28427326,1208765,478443,59153674003
673,"1050 KINGSWAY, VANCOUVER, BC",-123.0830035,49.25313464,1212499,475132,59154190005
674,"1050 LAURIER AV, VANCOUVER, BC",-123.1285336,49.25029565,1209196,474682,59150659016
675,"1050 NANTON AV, VANCOUVER, BC",-123.1288377,49.2460568,1209193,474210,59150670010
676,"1050 NICOLA ST, VANCOUVER, BC",-123.1349935,49.28586504,1208566,478612,59150846006
677,"1050 W 10TH AV, VANCOUVER, BC",-123.1279581,49.26218848,1209185,476004,59153136002
678,"1050 W 10TH AV, VANCOUVER, BC",-123.1275437,49.26218221,1209215,476004,59153136002
679,"1050 W 10TH AV, VANCOUVER, BC",-123.127754,49.26218331,1209200,476004,59153136002
680,"1050 W 15TH AV, VANCOUVER, BC",-123.1283421,49.2575958,1209177,475493,59150645003
681,"1050 W 26TH AV, VANCOUVER, BC",-123.128769,49.24789817,1209190,474415,59150659008
682,"1050 W 33RD AV, VANCOUVER, BC",-123.129003,49.24119069,1209203,473669,59150668001
683,"1050 W 38TH AV, VANCOUVER, BC",-123.1294857,49.23650634,1209189,473148,59150669008
684,"1050 W KING EDWARD AV, VANCOUVER, BC",-123.1287415,49.24885394,1209188,474521,59150659018
685,"1050 W PENDER ST, VANCOUVER, BC",-123.1196178,49.28688201,1209680,478770,59150850008
686,"1051 BROUGHTON ST, VANCOUVER, BC",-123.1342049,49.2854911,1208625,478572,59150846006
687,"1051 DAVIE ST, VANCOUVER, BC",-123.1303361,49.28017925,1208931,477994,59153684002
688,"1051 E 12TH AV, VANCOUVER, BC",-123.0822052,49.25991118,1212526,475887,59150744003
689,"1051 E 15TH AV, VANCOUVER, BC",-123.082472,49.25718097,1212519,475583,59150737004
690,"1051 E 21ST AV, VANCOUVER, BC",-123.0825023,49.25204433,1212540,475013,59154158001
691,"1051 E 37TH AV, VANCOUVER, BC",-123.0839134,49.23654744,1212508,473288,59150383002
692,"1051 IRONWORK PASSAGE, VANCOUVER, BC",-123.1285619,49.26812646,1209114,476661,59153689016
693,"1051 LAURIER AV, VANCOUVER, BC",-123.1285431,49.25103146,1209192,474763,59150659002
694,"1051 WOLFE AV, VANCOUVER, BC",-123.128395,49.25391955,1209190,475084,59150656003
695,"1052 E 14TH AV, VANCOUVER, BC",-123.082205,49.25759277,1212536,475630,59150737004
696,"1052 ROBSON ST, VANCOUVER, BC",-123.1241945,49.28378614,1209361,478413,59153682002
697,"1052 WOLFE AV, VANCOUVER, BC",-123.1290786,49.25338408,1209143,475023,59150657010
698,"1053 DOUGLAS CRESCENT, VANCOUVER, BC",-123.1282942,49.25492533,1209193,475196,59150656002
699,"1053 E 11TH AV, VANCOUVER, BC",-123.0820333,49.26082394,1212534,475989,59150744002
700,"1053 E 12TH AV, VANCOUVER, BC",-123.0820665,49.259911,1212536,475887,59150744003
701,"1053 E 15TH AV, VANCOUVER, BC",-123.0823224,49.25717416,1212530,475583,59150737004
702,"1053 KINGSWAY, VANCOUVER, BC",-123.0824857,49.25363055,1212534,475189,59154191009
703,"1053 NICOLA ST, VANCOUVER, BC",-123.1353628,49.28611761,1208538,478638,59150846004
704,"1054 BALFOUR AV, VANCOUVER, BC",-123.128374,49.25153044,1209202,474819,59150659002
705,"1054 E 11TH AV, VANCOUVER, BC",-123.0820532,49.26030563,1212535,475931,59150744003
706,"1054 E 22ND AV, VANCOUVER, BC",-123.0825943,49.25059066,1212540,474851,59150373001
707,"1054 E 31ST AV, VANCOUVER, BC",-123.0833701,49.24225939,1212522,473924,59150419004
708,"1054 W 11TH AV, VANCOUVER, BC",-123.1279949,49.26126778,1209186,475901,59153136003
709,"1054 W 11TH AV, VANCOUVER, BC",-123.1277894,49.26126351,1209201,475901,59153136003
710,"1055 CANADA PLACE, VANCOUVER, BC",-123.116073,49.28971031,1209925,479094,59153997004
711,"1055 DENMAN ST, VANCOUVER, BC",-123.1397408,49.28889848,1208207,478934,59150864001
712,"1055 DUNSMUIR ST, VANCOUVER, BC",-123.1209158,49.28655141,1209587,478729,59150850008
713,"1055 E 17TH AV, VANCOUVER, BC",-123.0823704,49.25565374,1212533,475414,59154191003
714,"1055 E 29TH AV, VANCOUVER, BC",-123.0833629,49.24484739,1212510,474211,59150375007
715,"1055 E 38TH AV, VANCOUVER, BC",-123.0835996,49.23585414,1212534,473212,59150385001
716,"1055 E 39TH AV, VANCOUVER, BC",-123.0836281,49.23496301,1212536,473113,59150385002
717,"1055 E 40TH AV, VANCOUVER, BC",-123.0836096,49.23401598,1212542,473008,59150385003
718,"1055 E 41ST AV, VANCOUVER, BC",-123.0836012,49.23308543,1212547,472905,59150387001
719,"1055 E BROADWAY, VANCOUVER, BC",-123.0822021,49.26271413,1212513,476198,59150721002
720,"1055 E PENDER ST, VANCOUVER, BC",-123.0817744,49.2803102,1212464,478153,59153189016
721,"1055 GRANVILLE ST, VANCOUVER, BC",-123.124284,49.27881326,1209377,477860,59154134003
722,"1055 HARWOOD ST, VANCOUVER, BC",-123.1323385,49.27871221,1208791,477825,59150793003
723,"1055 HOMER ST, VANCOUVER, BC",-123.1212189,49.2769779,1209608,477666,59154135001
724,"1055 RICHARDS ST, VANCOUVER, BC",-123.1222709,49.27757354,1209529,477729,59154134001
725,"1055 SEYMOUR ST, VANCOUVER, BC",-123.1232787,49.2781595,1209453,477791,59154134002
726,"1055 VERNON DRIVE, VANCOUVER, BC",-123.0790496,49.27542261,1212684,477619,59150751009
727,"1055 W 10TH AV, VANCOUVER, BC",-123.1279553,49.26271426,1209183,476062,59153136001
728,"1055 W 12TH AV, VANCOUVER, BC",-123.1280253,49.2608724,1209186,475857,59153136003
729,"1055 W 13TH AV, VANCOUVER, BC",-123.1281427,49.25992517,1209181,475752,59150646005
730,"1055 W 15TH AV, VANCOUVER, BC",-123.1281272,49.25807026,1209191,475546,59150645004
731,"1055 W BROADWAY, VANCOUVER, BC",-123.1278034,49.26371065,1209189,476173,59153133004
732,"1055 W GEORGIA ST, VANCOUVER, BC",-123.1214636,49.2852448,1209553,478583,59150850009
733,"1055 WOLFE AV, VANCOUVER, BC",-123.1287053,49.2542889,1209166,475124,59150656003
734,"1056 BURNABY ST, VANCOUVER, BC",-123.1319763,49.27909575,1208816,477869,59150793003
735,"1056 E 12TH AV, VANCOUVER, BC",-123.0820598,49.2593982,1212539,475831,59150745005
736,"1056 E 14TH AV, VANCOUVER, BC",-123.0820799,49.25759241,1212545,475630,59150737004
737,"1056 E 16TH AV, VANCOUVER, BC",-123.0823495,49.25604684,1212533,475458,59154191003
738,"1056 E 18TH AV, VANCOUVER, BC",-123.0825216,49.25423895,1212529,475256,59154191009
739,"1056 E 21ST AV, VANCOUVER, BC",-123.0827497,49.25154075,1212524,474956,59154158003
740,"1056 E 37TH AV, VANCOUVER, BC",-123.0836142,49.23625667,1212531,473257,59150385001
741,"1056 E 38TH AV, VANCOUVER, BC",-123.0836072,49.23534187,1212536,473155,59150385002
742,"1056 E 40TH AV, VANCOUVER, BC",-123.0836116,49.23347717,1212544,472948,59150387001
743,"1056 MATTHEWS AV, VANCOUVER, BC",-123.1292945,49.2535673,1209126,475043,59150657010
744,"1056 RICHELIEU AV, VANCOUVER, BC",-123.1289236,49.25567212,1209144,475277,59150656002
745,"1056 W 13TH AV, VANCOUVER, BC",-123.1280683,49.25939083,1209189,475693,59150646002
746,"1056 W 14TH AV, VANCOUVER, BC",-123.1281057,49.25844988,1209191,475588,59150645004
747,"1057 BARCLAY ST, VANCOUVER, BC",-123.1260635,49.28300814,1209229,478321,59153683001
748,"1057 DAVIE ST, VANCOUVER, BC",-123.130481,49.28026903,1208920,478004,59153684002
749,"1057 DENMAN ST, VANCOUVER, BC",-123.1401073,49.28865292,1208182,478906,59150863010
750,"1057 E 13TH AV, VANCOUVER, BC",-123.0820601,49.25901161,1212540,475788,59150745005
751,"1057 E 14TH AV, VANCOUVER, BC",-123.0821735,49.25810161,1212536,475686,59150745004
752,"1057 E 21ST AV, VANCOUVER, BC",-123.0824713,49.25201152,1212542,475009,59154158001
753,"1058 E 13TH AV, VANCOUVER, BC",-123.082071,49.25848392,1212542,475729,59150745004
754,"1058 E 39TH AV, VANCOUVER, BC",-123.0835809,49.23442123,1212542,473053,59150385003
755,"1058 NELSON ST, VANCOUVER, BC",-123.1279159,49.28203672,1209098,478207,59153684001
756,"1059 E 11TH AV, VANCOUVER, BC",-123.0819038,49.26082314,1212543,475989,59150744002
757,"1059 E 12TH AV, VANCOUVER, BC",-123.0819648,49.25990928,1212543,475888,59150744003
758,"1059 E 33RD AV, VANCOUVER, BC",-123.0834228,49.24047822,1212526,473726,59150419004
759,"1059 NELSON ST, VANCOUVER, BC",-123.1272277,49.28236955,1209147,478246,59153683002
760,"106 CARRALL ST, VANCOUVER, BC",-123.1035196,49.2841371,1210864,478513,59153578002
761,"106 E 18TH AV, VANCOUVER, BC",-123.1025993,49.25436173,1211066,475210,59150684009
762,"106 E 37TH AV, VANCOUVER, BC",-123.1033645,49.2370176,1211089,473282,59150539005
763,"106 E 38TH AV, VANCOUVER, BC",-123.1034017,49.236096,1211091,473180,59150539006
764,"106 E 40TH AV, VANCOUVER, BC",-123.1034651,49.23428203,1211094,472978,59150534005
765,"106 E 6TH AV, VANCOUVER, BC",-123.1025048,49.26526664,1211024,476421,59153163006
766,"106 E 7TH AV, VANCOUVER, BC",-123.1026534,49.26436833,1211017,476321,59153163009
767,"106 W 12TH AV, VANCOUVER, BC",-123.1073028,49.26005137,1210698,475828,59153157002
768,"106 W HASTINGS ST, VANCOUVER, BC",-123.1075049,49.28174843,1210585,478236,59154181003
769,"106 W HASTINGS ST, VANCOUVER, BC",-123.1076129,49.28176632,1210577,478238,59154181003
770,"1060 ALBERNI ST, VANCOUVER, BC",-123.123689,49.28487171,1209393,478535,59153483001
771,"1060 BARCLAY ST, VANCOUVER, BC",-123.1263955,49.28246335,1209207,478259,59153683002
772,"1060 BARCLAY ST, VANCOUVER, BC",-123.1268872,49.28278155,1209170,478293,59153683002
773,"1060 DAVIE ST, VANCOUVER, BC",-123.1309637,49.27982953,1208886,477953,59150795003
774,"1060 E 10TH AV, VANCOUVER, BC",-123.0820408,49.26119858,1212532,476031,59150744002
775,"1060 E 11TH AV, VANCOUVER, BC",-123.0819164,49.26030617,1212545,475932,59150744003
776,"1060 E 20TH AV, VANCOUVER, BC",-123.0825433,49.25244136,1212535,475057,59154158001
777,"1060 E 20TH AV, VANCOUVER, BC",-123.0826123,49.25244238,1212530,475057,59154158001
778,"1060 E 22ND AV, VANCOUVER, BC",-123.0825035,49.25056912,1212547,474849,59150373001
779,"1060 E 22ND AV, VANCOUVER, BC",-123.0823786,49.25061986,1212556,474855,59150373001
780,"1060 E 33RD AV, VANCOUVER, BC",-123.0831162,49.23998875,1212550,473673,59150381004
781,"1060 E HASTINGS ST, VANCOUVER, BC",-123.0816213,49.28070467,1212473,478197,59153189016
782,"1060 GRANVILLE ST, VANCOUVER, BC",-123.1236813,49.27842487,1209423,477819,59154134002
783,"1060 GRANVILLE ST, VANCOUVER, BC",-123.123752,49.27837667,1209418,477813,59154134002
784,"1060 HOWE ST, VANCOUVER, BC",-123.1244624,49.27923045,1209362,477906,59154134003
785,"1060 HOWE ST, VANCOUVER, BC",-123.1246956,49.27908402,1209346,477889,59154134003
786,"1060 HOWE ST, VANCOUVER, BC",-123.1248438,49.2789867,1209336,477878,59154134003
787,"1060 HOWE ST, VANCOUVER, BC",-123.124918,49.27893805,1209330,477872,59154134003
788,"1060 HOWE ST, VANCOUVER, BC",-123.1243883,49.2792791,1209367,477912,59154134003
789,"1060 HOWE ST, VANCOUVER, BC",-123.1247494,49.27904069,1209342,477884,59154134003
790,"1060 HOWE ST, VANCOUVER, BC",-123.1248911,49.27886684,1209333,477864,59154134003
791,"1060 HOWE ST, VANCOUVER, BC",-123.1244485,49.27916012,1209364,477898,59154134003
792,"1060 HOWE ST, VANCOUVER, BC",-123.1246157,49.27913268,1209352,477895,59154134003
793,"1060 HOWE ST, VANCOUVER, BC",-123.1243615,49.27934578,1209369,477919,59154134003
794,"1060 HOWE ST, VANCOUVER, BC",-123.1244862,49.27913624,1209361,477895,59154134003
795,"1060 NICOLA ST, VANCOUVER, BC",-123.1354613,49.28541351,1208534,478560,59150816001
796,"1060 W 15TH AV, VANCOUVER, BC",-123.1286182,49.2576003,1209157,475492,59150645003
797,"1060 W 8TH AV, VANCOUVER, BC",-123.1280985,49.26407778,1209166,476213,59153133004
798,"1060 W 8TH AV, VANCOUVER, BC",-123.1278937,49.26407487,1209181,476213,59153133004
799,"1060 W 8TH AV, VANCOUVER, BC",-123.1278643,49.26403532,1209183,476209,59153133004
800,"1060 W KING EDWARD AV, VANCOUVER, BC",-123.129019,49.24885768,1209168,474521,59150659018
801,"1061 E 10TH AV, VANCOUVER, BC",-123.0820237,49.26171806,1212531,476088,59150744001
802,"1061 E 15TH AV, VANCOUVER, BC",-123.0822205,49.2571762,1212537,475583,59150737004
803,"1061 E 38TH AV, VANCOUVER, BC",-123.0834623,49.23585335,1212544,473213,59150385001
804,"1061 E 39TH AV, VANCOUVER, BC",-123.0834579,49.23496103,1212549,473113,59150385002
805,"1061 E 40TH AV, VANCOUVER, BC",-123.0834743,49.23401608,1212552,473009,59150385003
806,"1061 W 38TH AV, VANCOUVER, BC",-123.1297385,49.23705432,1209168,473208,59150669008
807,"1062 E 12TH AV, VANCOUVER, BC",-123.0819303,49.25939694,1212548,475831,59150745005
808,"1062 E 20TH AV, VANCOUVER, BC",-123.0824397,49.25243982,1212543,475057,59154158001
809,"1062 E 21ST AV, VANCOUVER, BC",-123.0826116,49.2515386,1212534,474956,59154158003
810,"1062 E 37TH AV, VANCOUVER, BC",-123.0834432,49.23625634,1212544,473257,59150385001
811,"1062 E 38TH AV, VANCOUVER, BC",-123.0834705,49.23534017,1212546,473156,59150385002
812,"1062 E 39TH AV, VANCOUVER, BC",-123.0834421,49.23442043,1212552,473054,59150385003
813,"1062 E 40TH AV, VANCOUVER, BC",-123.0834783,49.23347546,1212554,472949,59150387001
814,"1062 E 7TH AV, VANCOUVER, BC",-123.081837,49.26400293,1212534,476342,59150721001
815,"1062 HOMER ST, VANCOUVER, BC",-123.1209302,49.27641695,1209632,477604,59153470004
816,"1062 HOMER ST, VANCOUVER, BC",-123.1207881,49.27650885,1209642,477615,59153470004
817,"1062 W 16TH AV, VANCOUVER, BC",-123.1286866,49.25675173,1209156,475398,59150656001
818,"1063 BALFOUR AV, VANCOUVER, BC",-123.1287941,49.25218302,1209169,474890,59150657010
819,"1063 CONNAUGHT DRIVE, VANCOUVER, BC",-123.1288957,49.24382331,1209199,473962,59150670008
820,"1063 E 13TH AV, VANCOUVER, BC",-123.081922,49.25901052,1212550,475788,59150745005
821,"1063 E 22ND AV, VANCOUVER, BC",-123.0825383,49.25113858,1212542,474912,59154158003
822,"1063 W 7TH AV, VANCOUVER, BC",-123.1279909,49.2654056,1209168,476361,59154192002
823,"1063 W BROADWAY, VANCOUVER, BC",-123.1281249,49.2637148,1209166,476173,59153133004
824,"1063 W KING EDWARD AV, VANCOUVER, BC",-123.1289773,49.24969788,1209167,474614,59150659016
825,"1064 BALFOUR AV, VANCOUVER, BC",-123.1288955,49.25157213,1209164,474822,59150659002
826,"1064 E 13TH AV, VANCOUVER, BC",-123.0819326,49.25848965,1212552,475730,59150745004
827,"1064 E 20TH AV, VANCOUVER, BC",-123.0822672,49.25243725,1212555,475057,59154158001
828,"1065 BURNABY ST, VANCOUVER, BC",-123.1315532,49.27960236,1208845,477926,59150795003
829,"1065 BUTE ST, VANCOUVER, BC",-123.1317176,49.28310912,1208817,478315,59153675001
830,"1065 E 17TH AV, VANCOUVER, BC",-123.082183,49.25565342,1212547,475414,59154191003
831,"1065 E 41ST AV, VANCOUVER, BC",-123.0833937,49.23308199,1212562,472905,59150387001
832,"1065 E 8TH AV, VANCOUVER, BC",-123.0819295,49.26361114,1212529,476299,59150721001
833,"1065 HARWOOD ST, VANCOUVER, BC",-123.1327391,49.27897826,1208761,477854,59150793003
834,"1065 PACIFIC ST, VANCOUVER, BC",-123.1336547,49.27817874,1208698,477762,59150792005
835,"1065 RICHELIEU AV, VANCOUVER, BC",-123.1287301,49.25628221,1209155,475346,59150656001
836,"1065 W 10TH AV, VANCOUVER, BC",-123.1281628,49.26271762,1209167,476062,59153136001
837,"1065 W 11TH AV, VANCOUVER, BC",-123.1281989,49.26179422,1209169,475959,59153136002
838,"1065 W 11TH AV, VANCOUVER, BC",-123.1279879,49.2617895,1209184,475959,59153136002
839,"1065 W 11TH AV, VANCOUVER, BC",-123.1284078,49.26179803,1209154,475959,59153136002
840,"1065 W 12TH AV, VANCOUVER, BC",-123.1282288,49.26087532,1209171,475857,59153136003
841,"1065 W 12TH AV, VANCOUVER, BC",-123.1284438,49.26087643,1209155,475857,59153136003
842,"1065 W 15TH AV, VANCOUVER, BC",-123.1283555,49.25807494,1209174,475546,59150645004
843,"1065 W 8TH AV, VANCOUVER, BC",-123.1280891,49.26459187,1209164,476270,59154192004
844,"1066 E 18TH AV, VANCOUVER, BC",-123.0823856,49.25423696,1212538,475257,59154191009
845,"1066 E 24TH AV, VANCOUVER, BC",-123.0828494,49.2488316,1212529,474655,59150373002
846,"1066 E 28TH AV, VANCOUVER, BC",-123.0832393,49.24520034,1212518,474251,59150375007
847,"1066 E 8TH AV, VANCOUVER, BC",-123.0820104,49.26309745,1212525,476241,59150721002
848,"1066 HAMILTON ST, VANCOUVER, BC",-123.1202167,49.27617888,1209685,477580,59153470001
849,"1066 HARWOOD ST, VANCOUVER, BC",-123.1333189,49.27859405,1208721,477809,59150792005
850,"1066 KINGSWAY, VANCOUVER, BC",-123.0826658,49.25299185,1212524,475118,59154190005
851,"1066 KINGSWAY, VANCOUVER, BC",-123.0825084,49.25292225,1212536,475110,59154190005
852,"1066 KINGSWAY, VANCOUVER, BC",-123.0823186,49.25285402,1212550,475103,59154190005
853,"1066 KINGSWAY, VANCOUVER, BC",-123.0821571,49.25284648,1212561,475103,59154190005
854,"1066 W 11TH AV, VANCOUVER, BC",-123.1282066,49.26127293,1209171,475901,59153136003
855,"1066 W 13TH AV, VANCOUVER, BC",-123.1284768,49.25939667,1209160,475692,59150646002
856,"1066 W HASTINGS ST, VANCOUVER, BC",-123.1188723,49.28736315,1209732,478825,59153995002
857,"1067 DAVIE ST, VANCOUVER, BC",-123.1305287,49.28031035,1208916,478008,59153684002
858,"1067 E 12TH AV, VANCOUVER, BC",-123.081859,49.25990935,1212551,475888,59150744003
859,"1067 E 13TH AV, VANCOUVER, BC",-123.0817837,49.25900936,1212560,475788,59150745005
860,"1067 E 14TH AV, VANCOUVER, BC",-123.0820476,49.25810745,1212545,475687,59150745004
861,"1067 GRANVILLE ST, VANCOUVER, BC",-123.1243952,49.27876007,1209369,477854,59154134003
862,"1067 GRANVILLE ST, VANCOUVER, BC",-123.1245379,49.27865872,1209359,477842,59154134003
863,"1067 ROBSON ST, VANCOUVER, BC",-123.1239564,49.28440343,1209376,478482,59153483001
864,"1067 SEYMOUR ST, VANCOUVER, BC",-123.1235518,49.27796806,1209434,477769,59154134002
865,"1067 W CORDOVA ST, VANCOUVER, BC",-123.1178331,49.28839592,1209803,478943,59153997002
866,"1068 E 11TH AV, VANCOUVER, BC",-123.0817769,49.26030492,1212555,475932,59150744003
867,"1068 E 14TH AV, VANCOUVER, BC",-123.081945,49.25758944,1212555,475630,59150737004
868,"1068 E 16TH AV, VANCOUVER, BC",-123.0821406,49.25604294,1212548,475458,59154191003
869,"1068 E 21ST AV, VANCOUVER, BC",-123.0824734,49.25153644,1212544,474957,59154158003
870,"1068 E 24TH AV, VANCOUVER, BC",-123.0827061,49.24883007,1212540,474655,59150373002
871,"1068 E 38TH AV, VANCOUVER, BC",-123.0833459,49.23533936,1212555,473156,59150385002
872,"1068 GRANVILLE ST, VANCOUVER, BC",-123.1238255,49.27832847,1209413,477808,59154134002
873,"1068 HORNBY ST, VANCOUVER, BC",-123.1257422,49.27964236,1209267,477948,59150782001
874,"1068 LAURIER AV, VANCOUVER, BC",-123.1288414,49.25029936,1209174,474681,59150659016
875,"1068 W 27TH AV, VANCOUVER, BC",-123.1290675,49.24697988,1209172,474312,59150659009
876,"1068 W 29TH AV, VANCOUVER, BC",-123.1288696,49.24513026,1209195,474107,59150670009
877,"1068 W 32ND AV, VANCOUVER, BC",-123.1289772,49.24213476,1209201,473774,59150670006
878,"1068 W 37TH AV, VANCOUVER, BC",-123.1294653,49.23743017,1209186,473251,59150669008
879,"1068 W BROADWAY, VANCOUVER, BC",-123.1281296,49.26312583,1209168,476107,59153136001
880,"1068 WOLFE AV, VANCOUVER, BC",-123.1293583,49.25425174,1209119,475118,59150657016
881,"1069 BARCLAY ST, VANCOUVER, BC",-123.1263583,49.28319894,1209206,478341,59153683001
882,"1069 CONNAUGHT DRIVE, VANCOUVER, BC",-123.1291499,49.24384472,1209181,473964,59150670008
883,"1069 DENMAN ST, VANCOUVER, BC",-123.140174,49.28858492,1208177,478898,59150863010
884,"1069 DEVONSHIRE CRESCENT, VANCOUVER, BC",-123.1291394,49.24475216,1209177,474064,59150670009
885,"1069 DOUGLAS CRESCENT, VANCOUVER, BC",-123.1287039,49.25498739,1209163,475202,59150656002
886,"1069 E 15TH AV, VANCOUVER, BC",-123.0820921,49.25721137,1212546,475588,59150737004
887,"1069 E 29TH AV, VANCOUVER, BC",-123.0831911,49.24484463,1212523,474212,59150375007
888,"1069 E 38TH AV, VANCOUVER, BC",-123.0833311,49.2358512,1212554,473213,59150385001
889,"1069 E 39TH AV, VANCOUVER, BC",-123.0833295,49.23495954,1212558,473114,59150385002
890,"1069 E 40TH AV, VANCOUVER, BC",-123.083322,49.23401664,1212563,473009,59150385003
891,"1069 W 16TH AV, VANCOUVER, BC",-123.1286478,49.25725854,1209157,475454,59150645003
892,"1069 W 26TH AV, VANCOUVER, BC",-123.1290177,49.24842502,1209170,474473,59150659018
893,"1069 W 27TH AV, VANCOUVER, BC",-123.1290313,49.24749894,1209173,474370,59150659008
894,"1069 W 29TH AV, VANCOUVER, BC",-123.1291102,49.24566114,1209175,474165,59150670010
895,"1069 W 32ND AV, VANCOUVER, BC",-123.1292131,49.24271647,1209181,473838,59150670007
896,"1069 W 33RD AV, VANCOUVER, BC",-123.1292456,49.24176116,1209183,473732,59150670006
897,"107 E 20TH AV, VANCOUVER, BC",-123.1026652,49.25294074,1211068,475052,59150684006
898,"107 E 21ST AV, VANCOUVER, BC",-123.102719,49.25207708,1211068,474956,59150685001
899,"107 E 3RD AV, VANCOUVER, BC",-123.1025087,49.26850678,1211009,476781,59154173014
900,"107 E BROADWAY, VANCOUVER, BC",-123.1025029,49.26318434,1211033,476190,59153163009
901,"107 E BROADWAY, VANCOUVER, BC",-123.1024911,49.26346837,1211033,476221,59153163009
902,"107 E CORDOVA ST, VANCOUVER, BC",-123.101726,49.2825822,1211001,478346,59153581001
903,"107 E CORDOVA ST, VANCOUVER, BC",-123.1020436,49.28259047,1210978,478346,59153581001
904,"107 E CORDOVA ST, VANCOUVER, BC",-123.1016194,49.2825805,1211009,478346,59153581001
905,"107 E CORDOVA ST, VANCOUVER, BC",-123.1018318,49.28258481,1210994,478346,59153581001
906,"107 E CORDOVA ST, VANCOUVER, BC",-123.101937,49.28258606,1210986,478345,59153581001
907,"107 W 14TH AV, VANCOUVER, BC",-123.1073989,49.25875635,1210697,475684,59153156002
908,"107 W 17TH AV, VANCOUVER, BC",-123.1075583,49.25598211,1210698,475375,59150681002
909,"107 W 19TH AV, VANCOUVER, BC",-123.1076434,49.254067,1210700,475162,59150682002
910,"107 W 21ST AV, VANCOUVER, BC",-123.1077202,49.25216043,1210703,474950,59150683002
911,"107 W 22ND AV, VANCOUVER, BC",-123.1077664,49.25126807,1210704,474851,59153252001
912,"107 W 23RD AV, VANCOUVER, BC",-123.1078136,49.25025114,1210705,474738,59153252002
913,"107 W 39TH AV, VANCOUVER, BC",-123.1082518,49.23585906,1210739,473139,59153250007
914,"107 W 41ST AV, VANCOUVER, BC",-123.1083282,49.2335296,1210744,472880,59150540007
915,"107 W 6TH AV, VANCOUVER, BC",-123.1071822,49.26587128,1210680,476474,59154173017
916,"107 W WOODSTOCK AV, VANCOUVER, BC",-123.1083046,49.23403697,1210743,472937,59150540002
917,"1070 CONNAUGHT DRIVE, VANCOUVER, BC",-123.1291826,49.24323364,1209181,473896,59150670007
918,"1070 E 13TH AV, VANCOUVER, BC",-123.0817945,49.25848168,1212562,475730,59150745004
919,"1070 E 22ND AV, VANCOUVER, BC",-123.0823431,49.25059721,1212558,474853,59150373001
920,"1070 E 33RD AV, VANCOUVER, BC",-123.0829032,49.23998396,1212566,473673,59150381004
921,"1070 E 37TH AV, VANCOUVER, BC",-123.0833138,49.23625059,1212553,473257,59150385001
922,"1070 E 40TH AV, VANCOUVER, BC",-123.0833341,49.23346972,1212564,472948,59150387001
923,"1070 E HASTINGS ST, VANCOUVER, BC",-123.0814989,49.28070296,1212482,478197,59153189016
924,"1070 NELSON ST, VANCOUVER, BC",-123.1281941,49.28215873,1209078,478220,59153684001
925,"1070 W 10TH AV, VANCOUVER, BC",-123.1283856,49.2621943,1209154,476003,59153136002
926,"1070 W 10TH AV, VANCOUVER, BC",-123.1281739,49.26219183,1209169,476003,59153136002
927,"1070 W 15TH AV, VANCOUVER, BC",-123.1288943,49.25760481,1209137,475492,59150645003
928,"1070 W 32ND AV, VANCOUVER, BC",-123.1292472,49.24214389,1209181,473775,59150670006
929,"1070 W 33RD AV, VANCOUVER, BC",-123.1292867,49.24120071,1209183,473670,59150668001
930,"1070 W 38TH AV, VANCOUVER, BC",-123.1297694,49.23651591,1209168,473148,59150669008
931,"1070 W 7TH AV, VANCOUVER, BC",-123.1282644,49.26492629,1209150,476307,59154192004
932,"1070 W KING EDWARD AV, VANCOUVER, BC",-123.1292959,49.24886186,1209147,474520,59150659018
933,"1071 E 10TH AV, VANCOUVER, BC",-123.0818848,49.26171546,1212541,476088,59150744001
934,"1071 E 12TH AV, VANCOUVER, BC",-123.0817594,49.25990673,1212558,475888,59150744003
935,"1071 E 33RD AV, VANCOUVER, BC",-123.0832971,49.24047831,1212535,473726,59150419004
936,"1071 MAINLAND ST, VANCOUVER, BC",-123.1204199,49.27604092,1209671,477564,59153470001
937,"1071 W 7TH AV, VANCOUVER, BC",-123.128316,49.26540658,1209144,476360,59154192002
938,"1072 E 31ST AV, VANCOUVER, BC",-123.0831839,49.24226447,1212535,473925,59150419004
939,"1072 E 39TH AV, VANCOUVER, BC",-123.0833114,49.23441963,1212562,473054,59150385003
940,"1072 MATTHEWS AV, VANCOUVER, BC",-123.1296769,49.25369682,1209098,475056,59150657010
941,"1072 W 29TH AV, VANCOUVER, BC",-123.1291133,49.24514437,1209177,474108,59150670009
942,"1073 E 35TH AV, VANCOUVER, BC",-123.08324,49.23831547,1212549,473487,59150381004
943,"1073 W BROADWAY, VANCOUVER, BC",-123.1283372,49.26371815,1209150,476172,59153133004
944,"1074 CARDERO ST, VANCOUVER, BC",-123.1367306,49.28624753,1208438,478649,59153956002
945,"1074 DAVIE ST, VANCOUVER, BC",-123.1311524,49.279962,1208872,477967,59150795003
946,"1074 E 10TH AV, VANCOUVER, BC",-123.0819068,49.26119777,1212541,476031,59150744002
947,"1074 E 12TH AV, VANCOUVER, BC",-123.0817886,49.25939615,1212558,475831,59150745005
948,"1075 BURNABY ST, VANCOUVER, BC",-123.1317498,49.27972963,1208830,477940,59150795003
949,"1075 COMOX ST, VANCOUVER, BC",-123.1280153,49.28146362,1209094,478143,59153684001
950,"1075 COMOX ST, VANCOUVER, BC",-123.1284027,49.28171685,1209064,478170,59153684001
951,"1075 COMOX ST, VANCOUVER, BC",-123.1286013,49.281776,1209050,478176,59153684001
952,"1075 COMOX ST, VANCOUVER, BC",-123.1286867,49.28184337,1209043,478184,59153684001
953,"1075 COMOX ST, VANCOUVER, BC",-123.1282122,49.28159158,1209079,478157,59153684001
954,"1075 COMOX ST, VANCOUVER, BC",-123.1284993,49.28193848,1209056,478195,59153684001
955,"1075 DENMAN ST, VANCOUVER, BC",-123.1403454,49.28853912,1208165,478893,59150863010
956,"1075 DOUGLAS CRESCENT, VANCOUVER, BC",-123.1290292,49.25511204,1209139,475215,59150656002
957,"1075 E 21ST AV, VANCOUVER, BC",-123.0823334,49.25204264,1212552,475013,59154158001
958,"1075 E 22ND AV, VANCOUVER, BC",-123.0823263,49.25113279,1212557,474912,59154158003
959,"1075 E 38TH AV, VANCOUVER, BC",-123.0831868,49.2358486,1212564,473213,59150385001
960,"1075 E 39TH AV, VANCOUVER, BC",-123.0831571,49.23495747,1212571,473114,59150385002
961,"1075 E 40TH AV, VANCOUVER, BC",-123.083188,49.23401449,1212573,473009,59150385003
962,"1075 GILFORD ST, VANCOUVER, BC",-123.1417509,49.28959948,1208058,479006,59150861004
963,"1075 JERVIS ST, VANCOUVER, BC",-123.1327272,49.28451165,1208737,478468,59153676003
964,"1075 W 10TH AV, VANCOUVER, BC",-123.1283738,49.26272323,1209152,476062,59153136001
965,"1075 W 13TH AV, VANCOUVER, BC",-123.1284565,49.25993025,1209159,475751,59150646005
966,"1075 W 14TH AV, VANCOUVER, BC",-123.1285159,49.25899858,1209158,475648,59150646002
967,"1075 W 14TH AV, VANCOUVER, BC",-123.1289302,49.25900531,1209128,475647,59150646002
968,"1075 W 14TH AV, VANCOUVER, BC",-123.1283001,49.25899703,1209174,475648,59150646002
969,"1075 W 14TH AV, VANCOUVER, BC",-123.1287234,49.25900239,1209143,475648,59150646002
970,"1075 W 15TH AV, VANCOUVER, BC",-123.1285485,49.25807877,1209160,475546,59150645004
971,"1075 W GEORGIA ST, VANCOUVER, BC",-123.1221895,49.28586415,1209498,478649,59150850009
972,"1076 DENMAN ST, VANCOUVER, BC",-123.1396484,49.28842634,1208216,478882,59150865004
973,"1076 E 11TH AV, VANCOUVER, BC",-123.0816622,49.260305,1212563,475932,59150744003
974,"1076 E 16TH AV, VANCOUVER, BC",-123.0819324,49.25604129,1212563,475458,59154191003
975,"1076 E 18TH AV, VANCOUVER, BC",-123.0822447,49.2542342,1212549,475257,59154191009
976,"1076 E 20TH AV, VANCOUVER, BC",-123.0820598,49.25243349,1212570,475057,59154158001
977,"1076 E 29TH AV, VANCOUVER, BC",-123.0831235,49.2444703,1212529,474170,59150419001
978,"1076 E 38TH AV, VANCOUVER, BC",-123.083183,49.23533678,1212567,473156,59150385002
979,"1076 E 39TH AV, VANCOUVER, BC",-123.0831698,49.23441883,1212572,473054,59150385003
980,"1076 E 40TH AV, VANCOUVER, BC",-123.083208,49.23347161,1212574,472949,59150387001
981,"1076 GRANVILLE ST, VANCOUVER, BC",-123.1239023,49.27827892,1209407,477802,59154134002
982,"1076 GRANVILLE ST, VANCOUVER, BC",-123.1239758,49.27822981,1209402,477796,59154134002
983,"1076 W 11TH AV, VANCOUVER, BC",-123.1284169,49.26127539,1209155,475901,59153136003
984,"1076 W 37TH AV, VANCOUVER, BC",-123.1297351,49.23743931,1209167,473251,59150669008
985,"1077 E 15TH AV, VANCOUVER, BC",-123.0819723,49.25706888,1212556,475572,59150737004
986,"1077 GREAT NORTHERN WAY, VANCOUVER, BC",-123.0820492,49.26591312,1212509,476554,59150750034
987,"1078 E 37TH AV, VANCOUVER, BC",-123.0831687,49.23624889,1212564,473257,59150385001
988,"1078 RICHELIEU AV, VANCOUVER, BC",-123.1291947,49.25580045,1209123,475291,59150656002
989,"1079 E 14TH AV, VANCOUVER, BC",-123.0819219,49.25810645,1212555,475688,59150745004
990,"1079 E 41ST AV, VANCOUVER, BC",-123.083187,49.23307899,1212577,472905,59150387001
991,"1079 LAURIER AV, VANCOUVER, BC",-123.1288922,49.25103467,1209167,474763,59150659002
992,"108 E 10TH AV, VANCOUVER, BC",-123.102706,49.2617648,1211025,476032,59153159008
993,"108 E 1ST AV, VANCOUVER, BC",-123.1018139,49.26987408,1211053,476935,59154174006
994,"108 E 20TH AV, VANCOUVER, BC",-123.1026833,49.25246551,1211069,474999,59150685001
995,"108 E 27TH AV, VANCOUVER, BC",-123.1030059,49.24703986,1211070,474396,59150689004
996,"108 E 35TH AV, VANCOUVER, BC",-123.1032335,49.23882265,1211091,473483,59150538013
997,"108 E 39TH AV, VANCOUVER, BC",-123.1034348,49.23518744,1211093,473079,59150534006
998,"108 E BROADWAY, VANCOUVER, BC",-123.102565,49.26266652,1211031,476132,59153159004
999,"108 E HASTINGS ST, VANCOUVER, BC",-123.1018968,49.28106725,1210996,478177,59153585004
1000,"108 E HASTINGS ST, VANCOUVER, BC",-123.1017894,49.2810651,1211004,478177,59153585004
